{
	"format_version": "1.8.0",
	"animations": {
		"idle": {
			"loop": true,
			"animation_length": 3,
			"bones": {
				"UpBody": {
					"rotation": [0, 0, "math.sin(q.anim_time*120)*1"]
				},
				"LeftArm": {
					"rotation": [0, 0, "-math.sin(60+q.anim_time*240)*0.5"]
				},
				"RightArm": {
					"rotation": [0, 0, "math.sin(60+q.anim_time*240)*0.5"]
				},
				"AllHead": {
					"rotation": [0, 0, "-math.sin(90+q.anim_time*120)*1"]
				},
				"UpperBody": {
					"rotation": [0, 0, "math.sin(-90+q.anim_time*120)*0.5"]
				},
				"weixiao": {
					"position": [0, 0, -1],
					"scale": 1
				}
			}
		},
		"sleep": {
			"loop": true,
			"animation_length": 0.375,
			"bones": {
				"LeftArm": {
					"rotation": [-3.68341, -0.67559, -36.96976]
				},
				"LeftForeArm": {
					"rotation": [7, 0, 0]
				},
				"RightArm": {
					"rotation": [-9.28771, -2.81687, 60.27738]
				},
				"RightForeArm": {
					"rotation": [0, 0, 0]
				},
				"LeftLeg": {
					"rotation": [2.66032, -1.24153, -0.95492]
				},
				"LeftLowerLeg": {
					"rotation": [6.67272, 2.68752, -3.29359]
				},
				"LeftFoot": {
					"rotation": [40.05226, 1.36947, -0.30645]
				},
				"RightLeg": {
					"rotation": [12.49178, 22.74531, 31.0143]
				},
				"RightLowerLeg": {
					"rotation": [2.75, 0, 0]
				},
				"RightFoot": {
					"rotation": [40.05226, -1.36947, 0.30645]
				},
				"AllBody": {
					"rotation": [86.30899, -3.87602, -250.93821],
					"position": [4, -22.75, -4.775]
				},
				"Head": {
					"rotation": ["-3.6778692358+ysm.head_pitch", "-21.6262154762+math.clamp(ysm.head_yaw,-60,60)", 17.55594]
				},
				"RightEyelid": {
					"scale": [1, 0.08, 1]
				},
				"LeftEyelid": {
					"scale": [1, 0.08, 1]
				},
				"DownBody": {
					"rotation": [-1.35673, -27.71529, 1.44598],
					"position": [0, -1.28411, -0.36203]
				},
				"BackClothe": {
					"rotation": [-8.44774, 0.80049, -0.55912]
				},
				"Tail": {
					"rotation": [135.73932, 15.59623, -169.34402]
				},
				"Tail2": {
					"rotation": [-45.20913, -1.31296, -6.55943]
				},
				"Tail3": {
					"rotation": [-43.47931, -4.29703, 4.7622]
				},
				"Tail4": {
					"rotation": [0, 0, 0]
				},
				"Tail5": {
					"rotation": [-41.98066, -4.21611, 4.55156]
				},
				"Tail6": {
					"rotation": [-14.10845, -1.78393, 1.16996]
				},
				"Mouth_smile2": {
					"position": [0, 0.1, 1.75],
					"scale": [1.1575, 1, 1]
				},
				"RightEyebrow": {
					"rotation": [-5.29003, -0.21193, 1.4949],
					"position": [0, -1.425, 0]
				},
				"LeftEyebrow": {
					"rotation": [-5.29003, 0.21193, -1.4949],
					"position": [0, -1.425, 0]
				},
				"LeftClothe": {
					"rotation": [0.5025, -0.95655, -10.69991]
				},
				"LB": {
					"rotation": [-7.99248, 0.34782, 2.4757]
				},
				"RightClothe": {
					"rotation": [-0.59528, 0.96121, 11.18823]
				},
				"RB2": {
					"rotation": [-9.7267, -0.67686, -3.94241]
				},
				"BR2": {
					"position": [1.15, 0, 0],
					"scale": [1.7275, 1, 1]
				},
				"BL2": {
					"position": [-0.77163, -0.05741, -0.04382],
					"scale": [1.4675, 1, 1]
				},
				"FL2": {
					"rotation": [1.5, 0, 0],
					"position": [-0.39358, 1.60219, 0.156],
					"scale": [1.96, 1.395, 1]
				},
				"FR2": {
					"rotation": [12, 0, 0],
					"position": [0.38622, 1.20545, 0.1528],
					"scale": [1.545, 1.205, 1]
				},
				"FM2": {
					"rotation": [22.25, 0, 0]
				},
				"Tail7": {
					"rotation": [0, 0, 0]
				},
				"UpperBody": {
					"rotation": [7.9577, -9.51163, -0.47037],
					"position": [0, 0, -0.325]
				},
				"Mouth_chill": {
					"position": [0, 0, -1.1]
				},
				"MLongHair": {
					"scale": 0
				},
				"FLongRightHair": {
					"scale": 0
				},
				"LongLeftHair": {
					"scale": 0
				},
				"Arm": {
					"rotation": [0.01113, -0.73714, 0.13778]
				},
				"LeftHand": {
					"scale": 0
				},
				"RightHand": {
					"scale": 0
				},
				"clothe": {
					"rotation": [3.83269, -16.126, 8.58048]
				},
				"LF2": {
					"position": [-0.01915, -0.04654, 0.49746]
				},
				"RF": {
					"position": [-0.05345, -0.07, 0.87056]
				},
				"BR": {
					"rotation": [0, 0, 2.75]
				},
				"BL": {
					"rotation": [0, 0, -1.5]
				},
				"FL": {
					"rotation": [0.18688, -0.37586, -3.47536]
				},
				"FL1": {
					"position": [-0.03133, -0.06811, 0.62049]
				},
				"FR1": {
					"rotation": [0, 0, 4.5],
					"scale": [1.27, 1.0325, 1]
				},
				"RightFoot_Shoe": {
					"scale": 0
				},
				"LeftFoot_Shoe": {
					"scale": 0
				},
				"GuiRoot": {
					"rotation": [0, -94.25, 0]
				},
				"Root": {
					"rotation": [0, -90, -90],
					"position": [5, 13, -3]
				},
				"AllHead": {
					"rotation": [10, 0, 0]
				},
				"MRoot": {
					"rotation": [0, 0, 0]
				},
				"MAllbody": {
					"rotation": [0, 0, 0]
				},
				"qunziC2": {
					"rotation": [0, -5, 7.5]
				}
			}
		}
	}
}