[074月2026 17:52:42.289] [main/INFO] [cpw.mods.modlauncher.Launcher/MODLAUNCHER]: ModLauncher running: args [--launchTarget, forgedatauserdev, --assetIndex, 5, --assetsDir, D:\gradle-9.2.1\caches\forge_gradle\assets, --gameDir, ., --fml.forgeVersion, 47.3.0, --fml.mcVersion, 1.20.1, --fml.forgeGroup, net.minecraftforge, --fml.mcpVersion, 20230612.114412, --mod, prinegorerouse, --all, --output, D:\mcmod\negorerouse\src\generated\resources, --existing, D:\mcmod\negorerouse\src\main\resources, --mixin.config, prinegorerouse.mixins.json]
[074月2026 17:52:42.295] [main/INFO] [cpw.mods.modlauncher.Launcher/MODLAUNCHER]: ModLauncher 10.0.9+10.0.9+main.dcd20f30 starting: java version 17.0.12 by Eclipse Adoptium; OS Windows 10 arch amd64 version 10.0
[074月2026 17:52:42.346] [main/DEBUG] [cpw.mods.modlauncher.LaunchServiceHandler/MODLAUNCHER]: Found launch services [fmlclientdev,forgeclient,minecraft,forgegametestserverdev,fmlserveruserdev,fmlclient,fmldatauserdev,forgeserverdev,forgeserveruserdev,forgeclientdev,forgeclientuserdev,forgeserver,forgedatadev,fmlserver,fmlclientuserdev,fmlserverdev,forgedatauserdev,testharness,forgegametestserveruserdev]
[074月2026 17:52:42.361] [main/DEBUG] [cpw.mods.modlauncher.NameMappingServiceHandler/MODLAUNCHER]: Found naming services : [srgtomcp]
[074月2026 17:52:42.371] [main/DEBUG] [cpw.mods.modlauncher.LaunchPluginHandler/MODLAUNCHER]: Found launch plugins: [mixin,eventbus,slf4jfixer,object_holder_definalize,runtime_enum_extender,capability_token_subclass,accesstransformer,runtimedistcleaner]
[074月2026 17:52:42.380] [main/DEBUG] [cpw.mods.modlauncher.TransformationServicesHandler/MODLAUNCHER]: Discovering transformation services
[074月2026 17:52:42.384] [main/DEBUG] [net.minecraftforge.fml.loading.FMLPaths/CORE]: Path GAMEDIR is D:\mcmod\negorerouse\run-data
[074月2026 17:52:42.385] [main/DEBUG] [net.minecraftforge.fml.loading.FMLPaths/CORE]: Path MODSDIR is D:\mcmod\negorerouse\run-data\mods
[074月2026 17:52:42.385] [main/DEBUG] [net.minecraftforge.fml.loading.FMLPaths/CORE]: Path CONFIGDIR is D:\mcmod\negorerouse\run-data\config
[074月2026 17:52:42.385] [main/DEBUG] [net.minecraftforge.fml.loading.FMLPaths/CORE]: Path FMLCONFIG is D:\mcmod\negorerouse\run-data\config\fml.toml
[074月2026 17:52:42.413] [main/DEBUG] [cpw.mods.modlauncher.TransformationServicesHandler/MODLAUNCHER]: Found additional transformation services from discovery services: 
[074月2026 17:52:42.419] [main/INFO] [net.minecraftforge.fml.loading.ImmediateWindowHandler/]: ImmediateWindowProvider not loading because launch target is forgedatauserdev
[074月2026 17:52:42.424] [main/DEBUG] [cpw.mods.modlauncher.TransformationServicesHandler/MODLAUNCHER]: Found transformer services : [mixin,fml]
[074月2026 17:52:42.424] [main/DEBUG] [cpw.mods.modlauncher.TransformationServicesHandler/MODLAUNCHER]: Transformation services loading
[074月2026 17:52:42.425] [main/DEBUG] [cpw.mods.modlauncher.TransformationServiceDecorator/MODLAUNCHER]: Loading service mixin
[074月2026 17:52:42.425] [main/DEBUG] [cpw.mods.modlauncher.TransformationServiceDecorator/MODLAUNCHER]: Loaded service mixin
[074月2026 17:52:42.425] [main/DEBUG] [cpw.mods.modlauncher.TransformationServiceDecorator/MODLAUNCHER]: Loading service fml
[074月2026 17:52:42.426] [main/DEBUG] [net.minecraftforge.fml.loading.LauncherVersion/CORE]: Found FMLLauncher version 1.0
[074月2026 17:52:42.426] [main/DEBUG] [net.minecraftforge.fml.loading.FMLLoader/CORE]: FML 1.0 loading
[074月2026 17:52:42.426] [main/DEBUG] [net.minecraftforge.fml.loading.FMLLoader/CORE]: FML found ModLauncher version : 10.0.9+10.0.9+main.dcd20f30
[074月2026 17:52:42.427] [main/DEBUG] [net.minecraftforge.fml.loading.FMLLoader/CORE]: FML found AccessTransformer version : 8.0.4+66+master.c09db6d7
[074月2026 17:52:42.427] [main/DEBUG] [net.minecraftforge.fml.loading.FMLLoader/CORE]: FML found EventBus version : 6.0.5+6.0.5+master.eb8e549b
[074月2026 17:52:42.428] [main/DEBUG] [net.minecraftforge.fml.loading.FMLLoader/CORE]: Found Runtime Dist Cleaner
[074月2026 17:52:42.429] [main/DEBUG] [net.minecraftforge.fml.loading.FMLLoader/CORE]: FML found CoreMod version : 5.1.6
[074月2026 17:52:42.429] [main/DEBUG] [net.minecraftforge.fml.loading.FMLLoader/CORE]: Found ForgeSPI package implementation version 7.0.1+7.0.1+master.d2b38bf6
[074月2026 17:52:42.429] [main/DEBUG] [net.minecraftforge.fml.loading.FMLLoader/CORE]: Found ForgeSPI package specification 5
[074月2026 17:52:42.429] [main/DEBUG] [cpw.mods.modlauncher.TransformationServiceDecorator/MODLAUNCHER]: Loaded service fml
[074月2026 17:52:42.430] [main/DEBUG] [cpw.mods.modlauncher.TransformationServicesHandler/MODLAUNCHER]: Configuring option handling for services
[074月2026 17:52:42.434] [main/DEBUG] [cpw.mods.modlauncher.TransformationServicesHandler/MODLAUNCHER]: Transformation services initializing
[074月2026 17:52:42.435] [main/DEBUG] [cpw.mods.modlauncher.TransformationServiceDecorator/MODLAUNCHER]: Initializing transformation service mixin
[074月2026 17:52:42.445] [main/DEBUG] [mixin/]: MixinService [ModLauncher] was successfully booted in cpw.mods.cl.ModuleClassLoader@10e41621
[074月2026 17:52:42.455] [main/INFO] [mixin/]: SpongePowered MIXIN Subsystem Version=0.8.5 Source=union:/D:/gradle-9.2.1/caches/modules-2/files-2.1/org.spongepowered/mixin/0.8.5/9d1c0c3a304ae6697ecd477218fa61b850bf57fc/mixin-0.8.5.jar%23128!/ Service=ModLauncher Env=CLIENT
[074月2026 17:52:42.458] [main/DEBUG] [mixin/]: Initialising Mixin Platform Manager
[074月2026 17:52:42.458] [main/DEBUG] [mixin/]: Adding mixin platform agents for container ModLauncher Root Container(ModLauncher:4f56a0a2)
[074月2026 17:52:42.459] [main/DEBUG] [mixin/]: Instancing new MixinPlatformAgentMinecraftForge for ModLauncher Root Container(ModLauncher:4f56a0a2)
[074月2026 17:52:42.459] [main/DEBUG] [mixin/]: MixinPlatformAgentMinecraftForge rejected container ModLauncher Root Container(ModLauncher:4f56a0a2)
[074月2026 17:52:42.459] [main/DEBUG] [mixin/]: Instancing new MixinPlatformAgentDefault for ModLauncher Root Container(ModLauncher:4f56a0a2)
[074月2026 17:52:42.459] [main/DEBUG] [mixin/]: MixinPlatformAgentDefault accepted container ModLauncher Root Container(ModLauncher:4f56a0a2)
[074月2026 17:52:42.461] [main/DEBUG] [cpw.mods.modlauncher.TransformationServiceDecorator/MODLAUNCHER]: Initialized transformation service mixin
[074月2026 17:52:42.461] [main/DEBUG] [cpw.mods.modlauncher.TransformationServiceDecorator/MODLAUNCHER]: Initializing transformation service fml
[074月2026 17:52:42.461] [main/DEBUG] [net.minecraftforge.fml.loading.FMLServiceProvider/CORE]: Setting up basic FML game directories
[074月2026 17:52:42.462] [main/DEBUG] [net.minecraftforge.fml.loading.FMLPaths/CORE]: Path GAMEDIR is D:\mcmod\negorerouse\run-data
[074月2026 17:52:42.462] [main/DEBUG] [net.minecraftforge.fml.loading.FMLPaths/CORE]: Path MODSDIR is D:\mcmod\negorerouse\run-data\mods
[074月2026 17:52:42.462] [main/DEBUG] [net.minecraftforge.fml.loading.FMLPaths/CORE]: Path CONFIGDIR is D:\mcmod\negorerouse\run-data\config
[074月2026 17:52:42.462] [main/DEBUG] [net.minecraftforge.fml.loading.FMLPaths/CORE]: Path FMLCONFIG is D:\mcmod\negorerouse\run-data\config\fml.toml
[074月2026 17:52:42.463] [main/DEBUG] [net.minecraftforge.fml.loading.FMLServiceProvider/CORE]: Loading configuration
[074月2026 17:52:42.464] [main/DEBUG] [net.minecraftforge.fml.loading.FMLServiceProvider/CORE]: Preparing ModFile
[074月2026 17:52:42.466] [main/DEBUG] [net.minecraftforge.fml.loading.FMLServiceProvider/CORE]: Preparing launch handler
[074月2026 17:52:42.466] [main/DEBUG] [net.minecraftforge.fml.loading.FMLLoader/CORE]: Using forgedatauserdev as launch service
[074月2026 17:52:42.474] [main/DEBUG] [net.minecraftforge.fml.loading.FMLLoader/CORE]: Received command line version data  : VersionInfo[forgeVersion=47.3.0, mcVersion=1.20.1, mcpVersion=20230612.114412, forgeGroup=net.minecraftforge]
[074月2026 17:52:42.475] [main/DEBUG] [cpw.mods.modlauncher.TransformationServiceDecorator/MODLAUNCHER]: Initialized transformation service fml
[074月2026 17:52:42.476] [main/DEBUG] [cpw.mods.modlauncher.NameMappingServiceHandler/MODLAUNCHER]: Current naming domain is 'mcp'
[074月2026 17:52:42.477] [main/DEBUG] [cpw.mods.modlauncher.NameMappingServiceHandler/MODLAUNCHER]: Identified name mapping providers {srg=srgtomcp:1234}
[074月2026 17:52:42.477] [main/DEBUG] [cpw.mods.modlauncher.TransformationServicesHandler/MODLAUNCHER]: Transformation services begin scanning
[074月2026 17:52:42.477] [main/DEBUG] [cpw.mods.modlauncher.TransformationServiceDecorator/MODLAUNCHER]: Beginning scan trigger - transformation service mixin
[074月2026 17:52:42.478] [main/DEBUG] [cpw.mods.modlauncher.TransformationServiceDecorator/MODLAUNCHER]: End scan trigger - transformation service mixin
[074月2026 17:52:42.478] [main/DEBUG] [cpw.mods.modlauncher.TransformationServiceDecorator/MODLAUNCHER]: Beginning scan trigger - transformation service fml
[074月2026 17:52:42.478] [main/DEBUG] [net.minecraftforge.fml.loading.FMLServiceProvider/CORE]: Initiating mod scan
[074月2026 17:52:42.487] [main/DEBUG] [net.minecraftforge.fml.loading.moddiscovery.ModListHandler/CORE]: Found mod coordinates from lists: []
[074月2026 17:52:42.490] [main/DEBUG] [net.minecraftforge.fml.loading.moddiscovery.ModDiscoverer/CORE]: Found Mod Locators : (mods folder:null),(maven libs:null),(exploded directory:null),(minecraft:null),(userdev classpath:null)
[074月2026 17:52:42.490] [main/DEBUG] [net.minecraftforge.fml.loading.moddiscovery.ModDiscoverer/CORE]: Found Dependency Locators : (JarInJar:null)
[074月2026 17:52:42.494] [main/DEBUG] [net.minecraftforge.fml.loading.targets.CommonLaunchHandler/CORE]: Got mod coordinates prinegorerouse%%D:\mcmod\negorerouse\build\resources\main;prinegorerouse%%D:\mcmod\negorerouse\build\classes\java\main from env
[074月2026 17:52:42.495] [main/DEBUG] [net.minecraftforge.fml.loading.targets.CommonLaunchHandler/CORE]: Found supplied mod coordinates [{prinegorerouse=[D:\mcmod\negorerouse\build\resources\main, D:\mcmod\negorerouse\build\classes\java\main]}]
[074月2026 17:52:42.737] [main/DEBUG] [net.minecraftforge.fml.loading.moddiscovery.ModFileInfo/LOADING]: Found valid mod file forge-1.20.1-47.3.0_mapped_parchment_2023.09.03-1.20.1.jar with {minecraft} mods - versions {1.20.1}
[074月2026 17:52:42.741] [main/DEBUG] [net.minecraftforge.fml.loading.moddiscovery.ModFileParser/LOADING]: Considering mod file candidate D:\gradle-9.2.1\caches\modules-2\files-2.1\net.minecraftforge\javafmllanguage\1.20.1-47.3.0\d7ebc62120f202109e300e084ca1a31a7b946a62\javafmllanguage-1.20.1-47.3.0.jar
[074月2026 17:52:42.741] [main/WARN] [net.minecraftforge.fml.loading.moddiscovery.ModFileParser/LOADING]: Mod file D:\gradle-9.2.1\caches\modules-2\files-2.1\net.minecraftforge\javafmllanguage\1.20.1-47.3.0\d7ebc62120f202109e300e084ca1a31a7b946a62\javafmllanguage-1.20.1-47.3.0.jar is missing mods.toml file
[074月2026 17:52:42.743] [main/DEBUG] [net.minecraftforge.fml.loading.moddiscovery.ModFileParser/LOADING]: Considering mod file candidate D:\gradle-9.2.1\caches\modules-2\files-2.1\net.minecraftforge\lowcodelanguage\1.20.1-47.3.0\1bf3e845ea0ce750096da8c71c8364b188ab74d4\lowcodelanguage-1.20.1-47.3.0.jar
[074月2026 17:52:42.743] [main/WARN] [net.minecraftforge.fml.loading.moddiscovery.ModFileParser/LOADING]: Mod file D:\gradle-9.2.1\caches\modules-2\files-2.1\net.minecraftforge\lowcodelanguage\1.20.1-47.3.0\1bf3e845ea0ce750096da8c71c8364b188ab74d4\lowcodelanguage-1.20.1-47.3.0.jar is missing mods.toml file
[074月2026 17:52:42.745] [main/DEBUG] [net.minecraftforge.fml.loading.moddiscovery.ModFileParser/LOADING]: Considering mod file candidate D:\gradle-9.2.1\caches\modules-2\files-2.1\net.minecraftforge\mclanguage\1.20.1-47.3.0\6093682e943ddccbabf70539319d7f2fe64db2e7\mclanguage-1.20.1-47.3.0.jar
[074月2026 17:52:42.745] [main/WARN] [net.minecraftforge.fml.loading.moddiscovery.ModFileParser/LOADING]: Mod file D:\gradle-9.2.1\caches\modules-2\files-2.1\net.minecraftforge\mclanguage\1.20.1-47.3.0\6093682e943ddccbabf70539319d7f2fe64db2e7\mclanguage-1.20.1-47.3.0.jar is missing mods.toml file
[074月2026 17:52:42.747] [main/DEBUG] [net.minecraftforge.fml.loading.moddiscovery.ModFileParser/LOADING]: Considering mod file candidate D:\gradle-9.2.1\caches\modules-2\files-2.1\net.minecraftforge\fmlcore\1.20.1-47.3.0\3b6be96aba3e323f3c918e8ef6a96312d82d76ad\fmlcore-1.20.1-47.3.0.jar
[074月2026 17:52:42.748] [main/WARN] [net.minecraftforge.fml.loading.moddiscovery.ModFileParser/LOADING]: Mod file D:\gradle-9.2.1\caches\modules-2\files-2.1\net.minecraftforge\fmlcore\1.20.1-47.3.0\3b6be96aba3e323f3c918e8ef6a96312d82d76ad\fmlcore-1.20.1-47.3.0.jar is missing mods.toml file
[074月2026 17:52:42.753] [main/DEBUG] [net.minecraftforge.fml.loading.moddiscovery.ModFileParser/LOADING]: Considering mod file candidate D:\mcmod\negorerouse\build\resources\main
[074月2026 17:52:42.762] [main/DEBUG] [net.minecraftforge.fml.loading.moddiscovery.ModFileInfo/LOADING]: Found valid mod file main with {prinegorerouse} mods - versions {1.3.2}
[074月2026 17:52:42.765] [main/DEBUG] [net.minecraftforge.fml.loading.moddiscovery.ModFileParser/LOADING]: Considering mod file candidate /
[074月2026 17:52:42.776] [main/DEBUG] [net.minecraftforge.fml.loading.moddiscovery.ModFileInfo/LOADING]: Found valid mod file  with {forge} mods - versions {47.3.0}
[074月2026 17:52:42.792] [main/DEBUG] [net.minecraftforge.fml.loading.moddiscovery.ModFileParser/LOADING]: Considering mod file candidate D:\gradle-9.2.1\caches\forge_gradle\deobf_dependencies\curse\maven\jei-238222\7391695_mapped_parchment_2023.09.03-1.20.1\jei-238222-7391695_mapped_parchment_2023.09.03-1.20.1.jar
[074月2026 17:52:42.793] [main/DEBUG] [net.minecraftforge.fml.loading.moddiscovery.ModFileInfo/LOADING]: Found valid mod file jei-238222-7391695_mapped_parchment_2023.09.03-1.20.1.jar with {jei} mods - versions {15.20.0.129}
[074月2026 17:52:42.795] [main/DEBUG] [net.minecraftforge.fml.loading.moddiscovery.ModFileParser/LOADING]: Considering mod file candidate D:\gradle-9.2.1\caches\forge_gradle\deobf_dependencies\curse\maven\slashblade-resharped-1022428\7363505_mapped_parchment_2023.09.03-1.20.1\slashblade-resharped-1022428-7363505_mapped_parchment_2023.09.03-1.20.1.jar
[074月2026 17:52:42.796] [main/DEBUG] [net.minecraftforge.fml.loading.moddiscovery.ModFileInfo/LOADING]: Found valid mod file slashblade-resharped-1022428-7363505_mapped_parchment_2023.09.03-1.20.1.jar with {slashblade} mods - versions {1.8.62}
[074月2026 17:52:42.798] [main/DEBUG] [net.minecraftforge.fml.loading.moddiscovery.ModFileParser/LOADING]: Considering mod file candidate D:\gradle-9.2.1\caches\forge_gradle\deobf_dependencies\curse\maven\jade-324717\6106101_mapped_parchment_2023.09.03-1.20.1\jade-324717-6106101_mapped_parchment_2023.09.03-1.20.1.jar
[074月2026 17:52:42.800] [main/DEBUG] [net.minecraftforge.fml.loading.moddiscovery.ModFileInfo/LOADING]: Found valid mod file jade-324717-6106101_mapped_parchment_2023.09.03-1.20.1.jar with {jade} mods - versions {11.12.3+forge}
[074月2026 17:52:42.802] [main/DEBUG] [net.minecraftforge.fml.loading.moddiscovery.ModFileParser/LOADING]: Considering mod file candidate D:\gradle-9.2.1\caches\forge_gradle\deobf_dependencies\curse\maven\damage-number-998849\5538112_mapped_parchment_2023.09.03-1.20.1\damage-number-998849-5538112_mapped_parchment_2023.09.03-1.20.1.jar
[074月2026 17:52:42.803] [main/DEBUG] [net.minecraftforge.fml.loading.moddiscovery.ModFileInfo/LOADING]: Found valid mod file damage-number-998849-5538112_mapped_parchment_2023.09.03-1.20.1.jar with {damage_number} mods - versions {1.3.1}
[074月2026 17:52:42.805] [main/DEBUG] [net.minecraftforge.fml.loading.moddiscovery.ModFileParser/LOADING]: Considering mod file candidate D:\gradle-9.2.1\caches\forge_gradle\deobf_dependencies\curse\maven\yacl-667299\6336646_mapped_parchment_2023.09.03-1.20.1\yacl-667299-6336646_mapped_parchment_2023.09.03-1.20.1.jar
[074月2026 17:52:42.806] [main/DEBUG] [net.minecraftforge.fml.loading.moddiscovery.ModFileInfo/LOADING]: Found valid mod file yacl-667299-6336646_mapped_parchment_2023.09.03-1.20.1.jar with {yet_another_config_lib_v3} mods - versions {3.6.6+1.20.1-forge}
[074月2026 17:52:42.810] [main/DEBUG] [net.minecraftforge.fml.loading.moddiscovery.ModFileParser/LOADING]: Considering mod file candidate D:\gradle-9.2.1\caches\forge_gradle\deobf_dependencies\curse\maven\touhou-little-maid-355044\7510714_mapped_parchment_2023.09.03-1.20.1\touhou-little-maid-355044-7510714_mapped_parchment_2023.09.03-1.20.1.jar
[074月2026 17:52:42.811] [main/DEBUG] [net.minecraftforge.fml.loading.moddiscovery.ModFileInfo/LOADING]: Found valid mod file touhou-little-maid-355044-7510714_mapped_parchment_2023.09.03-1.20.1.jar with {touhou_little_maid} mods - versions {1.5.0-forge+mc1.20.1}
[074月2026 17:52:42.814] [main/DEBUG] [net.minecraftforge.fml.loading.moddiscovery.ModFileParser/LOADING]: Considering mod file candidate D:\gradle-9.2.1\caches\forge_gradle\deobf_dependencies\curse\maven\jei-238222\7391695_mapped_parchment_2023.09.03-1.20.1\jei-238222-7391695_mapped_parchment_2023.09.03-1.20.1.jar
[074月2026 17:52:42.814] [main/DEBUG] [net.minecraftforge.fml.loading.moddiscovery.ModFileInfo/LOADING]: Found valid mod file jei-238222-7391695_mapped_parchment_2023.09.03-1.20.1.jar with {jei} mods - versions {15.20.0.129}
[074月2026 17:52:42.817] [main/DEBUG] [net.minecraftforge.fml.loading.moddiscovery.ModFileParser/LOADING]: Considering mod file candidate D:\gradle-9.2.1\caches\forge_gradle\deobf_dependencies\curse\maven\slashblade-resharped-1022428\7363505_mapped_parchment_2023.09.03-1.20.1\slashblade-resharped-1022428-7363505_mapped_parchment_2023.09.03-1.20.1.jar
[074月2026 17:52:42.818] [main/DEBUG] [net.minecraftforge.fml.loading.moddiscovery.ModFileInfo/LOADING]: Found valid mod file slashblade-resharped-1022428-7363505_mapped_parchment_2023.09.03-1.20.1.jar with {slashblade} mods - versions {1.8.62}
[074月2026 17:52:42.819] [main/DEBUG] [net.minecraftforge.fml.loading.moddiscovery.ModFileParser/LOADING]: Considering mod file candidate D:\gradle-9.2.1\caches\forge_gradle\deobf_dependencies\curse\maven\jade-324717\6106101_mapped_parchment_2023.09.03-1.20.1\jade-324717-6106101_mapped_parchment_2023.09.03-1.20.1.jar
[074月2026 17:52:42.820] [main/DEBUG] [net.minecraftforge.fml.loading.moddiscovery.ModFileInfo/LOADING]: Found valid mod file jade-324717-6106101_mapped_parchment_2023.09.03-1.20.1.jar with {jade} mods - versions {11.12.3+forge}
[074月2026 17:52:42.822] [main/DEBUG] [net.minecraftforge.fml.loading.moddiscovery.ModFileParser/LOADING]: Considering mod file candidate D:\gradle-9.2.1\caches\forge_gradle\deobf_dependencies\curse\maven\damage-number-998849\5538112_mapped_parchment_2023.09.03-1.20.1\damage-number-998849-5538112_mapped_parchment_2023.09.03-1.20.1.jar
[074月2026 17:52:42.822] [main/DEBUG] [net.minecraftforge.fml.loading.moddiscovery.ModFileInfo/LOADING]: Found valid mod file damage-number-998849-5538112_mapped_parchment_2023.09.03-1.20.1.jar with {damage_number} mods - versions {1.3.1}
[074月2026 17:52:42.824] [main/DEBUG] [net.minecraftforge.fml.loading.moddiscovery.ModFileParser/LOADING]: Considering mod file candidate D:\gradle-9.2.1\caches\forge_gradle\deobf_dependencies\curse\maven\yacl-667299\6336646_mapped_parchment_2023.09.03-1.20.1\yacl-667299-6336646_mapped_parchment_2023.09.03-1.20.1.jar
[074月2026 17:52:42.825] [main/DEBUG] [net.minecraftforge.fml.loading.moddiscovery.ModFileInfo/LOADING]: Found valid mod file yacl-667299-6336646_mapped_parchment_2023.09.03-1.20.1.jar with {yet_another_config_lib_v3} mods - versions {3.6.6+1.20.1-forge}
[074月2026 17:52:42.828] [main/DEBUG] [net.minecraftforge.fml.loading.moddiscovery.ModFileParser/LOADING]: Considering mod file candidate D:\gradle-9.2.1\caches\forge_gradle\deobf_dependencies\curse\maven\touhou-little-maid-355044\7510714_mapped_parchment_2023.09.03-1.20.1\touhou-little-maid-355044-7510714_mapped_parchment_2023.09.03-1.20.1.jar
[074月2026 17:52:42.829] [main/DEBUG] [net.minecraftforge.fml.loading.moddiscovery.ModFileInfo/LOADING]: Found valid mod file touhou-little-maid-355044-7510714_mapped_parchment_2023.09.03-1.20.1.jar with {touhou_little_maid} mods - versions {1.5.0-forge+mc1.20.1}
[074月2026 17:52:42.834] [main/DEBUG] [net.minecraftforge.fml.loading.UniqueModListBuilder/]: Found 2 mods for first modid slashblade, selecting most recent based on version data
[074月2026 17:52:42.834] [main/DEBUG] [net.minecraftforge.fml.loading.UniqueModListBuilder/]: Selected file slashblade-resharped-1022428-7363505_mapped_parchment_2023.09.03-1.20.1.jar for modid slashblade with version 1.8.62
[074月2026 17:52:42.834] [main/DEBUG] [net.minecraftforge.fml.loading.UniqueModListBuilder/]: Found 2 mods for first modid damage_number, selecting most recent based on version data
[074月2026 17:52:42.834] [main/DEBUG] [net.minecraftforge.fml.loading.UniqueModListBuilder/]: Selected file damage-number-998849-5538112_mapped_parchment_2023.09.03-1.20.1.jar for modid damage_number with version 1.3.1
[074月2026 17:52:42.834] [main/DEBUG] [net.minecraftforge.fml.loading.UniqueModListBuilder/]: Found 2 mods for first modid touhou_little_maid, selecting most recent based on version data
[074月2026 17:52:42.835] [main/DEBUG] [net.minecraftforge.fml.loading.UniqueModListBuilder/]: Selected file touhou-little-maid-355044-7510714_mapped_parchment_2023.09.03-1.20.1.jar for modid touhou_little_maid with version 1.5.0-forge+mc1.20.1
[074月2026 17:52:42.835] [main/DEBUG] [net.minecraftforge.fml.loading.UniqueModListBuilder/]: Found 2 mods for first modid jade, selecting most recent based on version data
[074月2026 17:52:42.835] [main/DEBUG] [net.minecraftforge.fml.loading.UniqueModListBuilder/]: Selected file jade-324717-6106101_mapped_parchment_2023.09.03-1.20.1.jar for modid jade with version 11.12.3+forge
[074月2026 17:52:42.835] [main/DEBUG] [net.minecraftforge.fml.loading.UniqueModListBuilder/]: Found 2 mods for first modid yet_another_config_lib_v3, selecting most recent based on version data
[074月2026 17:52:42.835] [main/DEBUG] [net.minecraftforge.fml.loading.UniqueModListBuilder/]: Selected file yacl-667299-6336646_mapped_parchment_2023.09.03-1.20.1.jar for modid yet_another_config_lib_v3 with version 3.6.6+1.20.1-forge
[074月2026 17:52:42.835] [main/DEBUG] [net.minecraftforge.fml.loading.UniqueModListBuilder/]: Found 2 mods for first modid jei, selecting most recent based on version data
[074月2026 17:52:42.835] [main/DEBUG] [net.minecraftforge.fml.loading.UniqueModListBuilder/]: Selected file jei-238222-7391695_mapped_parchment_2023.09.03-1.20.1.jar for modid jei with version 15.20.0.129
[074月2026 17:52:42.842] [main/DEBUG] [net.minecraftforge.fml.loading.moddiscovery.AbstractJarFileDependencyLocator/]: Failed to load resource META-INF\jarjar\metadata.json from forge-1.20.1-47.3.0_mapped_parchment_2023.09.03-1.20.1.jar, it does not contain dependency information.
[074月2026 17:52:42.842] [main/DEBUG] [net.minecraftforge.fml.loading.moddiscovery.AbstractJarFileDependencyLocator/]: Failed to load resource META-INF\jarjar\metadata.json from slashblade-resharped-1022428-7363505_mapped_parchment_2023.09.03-1.20.1.jar, it does not contain dependency information.
[074月2026 17:52:42.842] [main/DEBUG] [net.minecraftforge.fml.loading.moddiscovery.AbstractJarFileDependencyLocator/]: Failed to load resource META-INF\jarjar\metadata.json from damage-number-998849-5538112_mapped_parchment_2023.09.03-1.20.1.jar, it does not contain dependency information.
[074月2026 17:52:42.842] [main/DEBUG] [net.minecraftforge.fml.loading.moddiscovery.AbstractJarFileDependencyLocator/]: Failed to load resource META-INF\jarjar\metadata.json from main, it does not contain dependency information.
[074月2026 17:52:42.843] [main/DEBUG] [net.minecraftforge.fml.loading.moddiscovery.AbstractJarFileDependencyLocator/]: Failed to load resource META-INF\jarjar\metadata.json from , it does not contain dependency information.
[074月2026 17:52:42.843] [main/DEBUG] [net.minecraftforge.fml.loading.moddiscovery.AbstractJarFileDependencyLocator/]: Failed to load resource META-INF\jarjar\metadata.json from touhou-little-maid-355044-7510714_mapped_parchment_2023.09.03-1.20.1.jar, it does not contain dependency information.
[074月2026 17:52:42.843] [main/DEBUG] [net.minecraftforge.fml.loading.moddiscovery.AbstractJarFileDependencyLocator/]: Failed to load resource META-INF\jarjar\metadata.json from jade-324717-6106101_mapped_parchment_2023.09.03-1.20.1.jar, it does not contain dependency information.
[074月2026 17:52:42.843] [main/DEBUG] [net.minecraftforge.fml.loading.moddiscovery.AbstractJarFileDependencyLocator/]: Failed to load resource META-INF\jarjar\metadata.json from jei-238222-7391695_mapped_parchment_2023.09.03-1.20.1.jar, it does not contain dependency information.
[074月2026 17:52:42.843] [main/DEBUG] [net.minecraftforge.fml.loading.moddiscovery.AbstractJarFileDependencyLocator/]: Failed to load resource META-INF\jarjar\metadata.json from mclanguage-1.20.1-47.3.0.jar, it does not contain dependency information.
[074月2026 17:52:42.843] [main/DEBUG] [net.minecraftforge.fml.loading.moddiscovery.AbstractJarFileDependencyLocator/]: Failed to load resource META-INF\jarjar\metadata.json from javafmllanguage-1.20.1-47.3.0.jar, it does not contain dependency information.
[074月2026 17:52:42.843] [main/DEBUG] [net.minecraftforge.fml.loading.moddiscovery.AbstractJarFileDependencyLocator/]: Failed to load resource META-INF\jarjar\metadata.json from fmlcore-1.20.1-47.3.0.jar, it does not contain dependency information.
[074月2026 17:52:42.843] [main/DEBUG] [net.minecraftforge.fml.loading.moddiscovery.AbstractJarFileDependencyLocator/]: Failed to load resource META-INF\jarjar\metadata.json from lowcodelanguage-1.20.1-47.3.0.jar, it does not contain dependency information.
[074月2026 17:52:42.899] [main/DEBUG] [net.minecraftforge.fml.loading.moddiscovery.AbstractJarFileDependencyLocator/]: Failed to load resource META-INF\jarjar\metadata.json from common-image-3.12.0.jar, it does not contain dependency information.
[074月2026 17:52:42.899] [main/DEBUG] [net.minecraftforge.fml.loading.moddiscovery.AbstractJarFileDependencyLocator/]: Failed to load resource META-INF\jarjar\metadata.json from common-io-3.12.0.jar, it does not contain dependency information.
[074月2026 17:52:42.899] [main/DEBUG] [net.minecraftforge.fml.loading.moddiscovery.AbstractJarFileDependencyLocator/]: Failed to load resource META-INF\jarjar\metadata.json from common-lang-3.12.0.jar, it does not contain dependency information.
[074月2026 17:52:42.900] [main/DEBUG] [net.minecraftforge.fml.loading.moddiscovery.AbstractJarFileDependencyLocator/]: Failed to load resource META-INF\jarjar\metadata.json from imageio-core-3.12.0.jar, it does not contain dependency information.
[074月2026 17:52:42.900] [main/DEBUG] [net.minecraftforge.fml.loading.moddiscovery.AbstractJarFileDependencyLocator/]: Failed to load resource META-INF\jarjar\metadata.json from imageio-metadata-3.12.0.jar, it does not contain dependency information.
[074月2026 17:52:42.900] [main/DEBUG] [net.minecraftforge.fml.loading.moddiscovery.AbstractJarFileDependencyLocator/]: Failed to load resource META-INF\jarjar\metadata.json from imageio-webp-3.12.0.jar, it does not contain dependency information.
[074月2026 17:52:42.900] [main/DEBUG] [net.minecraftforge.fml.loading.moddiscovery.AbstractJarFileDependencyLocator/]: Failed to load resource META-INF\jarjar\metadata.json from gson-0.2.1.jar, it does not contain dependency information.
[074月2026 17:52:42.900] [main/DEBUG] [net.minecraftforge.fml.loading.moddiscovery.AbstractJarFileDependencyLocator/]: Failed to load resource META-INF\jarjar\metadata.json from json-0.2.1.jar, it does not contain dependency information.
[074月2026 17:52:42.959] [main/INFO] [net.minecraftforge.fml.loading.moddiscovery.JarInJarDependencyLocator/]: Found 8 dependencies adding them to mods collection
[074月2026 17:52:42.961] [main/DEBUG] [net.minecraftforge.fml.loading.moddiscovery.ModFileInfo/LOADING]: Found valid mod file forge-1.20.1-47.3.0_mapped_parchment_2023.09.03-1.20.1.jar with {minecraft} mods - versions {1.20.1}
[074月2026 17:52:42.964] [main/DEBUG] [net.minecraftforge.fml.loading.moddiscovery.ModFile/LOADING]: Loading mod file D:\gradle-9.2.1\caches\forge_gradle\minecraft_user_repo\net\minecraftforge\forge\1.20.1-47.3.0_mapped_parchment_2023.09.03-1.20.1\forge-1.20.1-47.3.0_mapped_parchment_2023.09.03-1.20.1.jar with languages [LanguageSpec[languageName=minecraft, acceptedVersions=1]]
[074月2026 17:52:42.965] [main/DEBUG] [net.minecraftforge.fml.loading.moddiscovery.ModFileParser/LOADING]: Considering mod file candidate D:\gradle-9.2.1\caches\forge_gradle\deobf_dependencies\curse\maven\damage-number-998849\5538112_mapped_parchment_2023.09.03-1.20.1\damage-number-998849-5538112_mapped_parchment_2023.09.03-1.20.1.jar
[074月2026 17:52:42.966] [main/DEBUG] [net.minecraftforge.fml.loading.moddiscovery.ModFileInfo/LOADING]: Found valid mod file damage-number-998849-5538112_mapped_parchment_2023.09.03-1.20.1.jar with {damage_number} mods - versions {1.3.1}
[074月2026 17:52:42.966] [main/DEBUG] [net.minecraftforge.fml.loading.moddiscovery.ModFile/LOADING]: Loading mod file D:\gradle-9.2.1\caches\forge_gradle\deobf_dependencies\curse\maven\damage-number-998849\5538112_mapped_parchment_2023.09.03-1.20.1\damage-number-998849-5538112_mapped_parchment_2023.09.03-1.20.1.jar with languages [LanguageSpec[languageName=javafml, acceptedVersions=[47,)]]
[074月2026 17:52:42.966] [main/DEBUG] [net.minecraftforge.fml.loading.moddiscovery.ModFileParser/LOADING]: Considering mod file candidate D:\gradle-9.2.1\caches\forge_gradle\deobf_dependencies\curse\maven\jade-324717\6106101_mapped_parchment_2023.09.03-1.20.1\jade-324717-6106101_mapped_parchment_2023.09.03-1.20.1.jar
[074月2026 17:52:42.966] [main/DEBUG] [net.minecraftforge.fml.loading.moddiscovery.ModFileInfo/LOADING]: Found valid mod file jade-324717-6106101_mapped_parchment_2023.09.03-1.20.1.jar with {jade} mods - versions {11.12.3+forge}
[074月2026 17:52:42.966] [main/DEBUG] [net.minecraftforge.fml.loading.moddiscovery.ModFile/LOADING]: Loading mod file D:\gradle-9.2.1\caches\forge_gradle\deobf_dependencies\curse\maven\jade-324717\6106101_mapped_parchment_2023.09.03-1.20.1\jade-324717-6106101_mapped_parchment_2023.09.03-1.20.1.jar with languages [LanguageSpec[languageName=javafml, acceptedVersions=[46,)]]
[074月2026 17:52:42.966] [main/DEBUG] [net.minecraftforge.fml.loading.moddiscovery.ModFileParser/LOADING]: Considering mod file candidate D:\gradle-9.2.1\caches\forge_gradle\deobf_dependencies\curse\maven\yacl-667299\6336646_mapped_parchment_2023.09.03-1.20.1\yacl-667299-6336646_mapped_parchment_2023.09.03-1.20.1.jar
[074月2026 17:52:42.967] [main/DEBUG] [net.minecraftforge.fml.loading.moddiscovery.ModFileInfo/LOADING]: Found valid mod file yacl-667299-6336646_mapped_parchment_2023.09.03-1.20.1.jar with {yet_another_config_lib_v3} mods - versions {3.6.6+1.20.1-forge}
[074月2026 17:52:42.967] [main/DEBUG] [net.minecraftforge.fml.loading.moddiscovery.ModFile/LOADING]: Loading mod file D:\gradle-9.2.1\caches\forge_gradle\deobf_dependencies\curse\maven\yacl-667299\6336646_mapped_parchment_2023.09.03-1.20.1\yacl-667299-6336646_mapped_parchment_2023.09.03-1.20.1.jar with languages [LanguageSpec[languageName=javafml, acceptedVersions=[46,)]]
[074月2026 17:52:42.967] [main/DEBUG] [net.minecraftforge.fml.loading.moddiscovery.ModFileParser/LOADING]: Considering mod file candidate D:\gradle-9.2.1\caches\forge_gradle\deobf_dependencies\curse\maven\jei-238222\7391695_mapped_parchment_2023.09.03-1.20.1\jei-238222-7391695_mapped_parchment_2023.09.03-1.20.1.jar
[074月2026 17:52:42.967] [main/DEBUG] [net.minecraftforge.fml.loading.moddiscovery.ModFileInfo/LOADING]: Found valid mod file jei-238222-7391695_mapped_parchment_2023.09.03-1.20.1.jar with {jei} mods - versions {15.20.0.129}
[074月2026 17:52:42.967] [main/DEBUG] [net.minecraftforge.fml.loading.moddiscovery.ModFile/LOADING]: Loading mod file D:\gradle-9.2.1\caches\forge_gradle\deobf_dependencies\curse\maven\jei-238222\7391695_mapped_parchment_2023.09.03-1.20.1\jei-238222-7391695_mapped_parchment_2023.09.03-1.20.1.jar with languages [LanguageSpec[languageName=javafml, acceptedVersions=[47,)]]
[074月2026 17:52:42.968] [main/DEBUG] [net.minecraftforge.fml.loading.moddiscovery.ModFileParser/LOADING]: Considering mod file candidate D:\gradle-9.2.1\caches\forge_gradle\deobf_dependencies\curse\maven\slashblade-resharped-1022428\7363505_mapped_parchment_2023.09.03-1.20.1\slashblade-resharped-1022428-7363505_mapped_parchment_2023.09.03-1.20.1.jar
[074月2026 17:52:42.968] [main/DEBUG] [net.minecraftforge.fml.loading.moddiscovery.ModFileInfo/LOADING]: Found valid mod file slashblade-resharped-1022428-7363505_mapped_parchment_2023.09.03-1.20.1.jar with {slashblade} mods - versions {1.8.62}
[074月2026 17:52:42.968] [main/DEBUG] [net.minecraftforge.fml.loading.moddiscovery.ModFile/LOADING]: Loading mod file D:\gradle-9.2.1\caches\forge_gradle\deobf_dependencies\curse\maven\slashblade-resharped-1022428\7363505_mapped_parchment_2023.09.03-1.20.1\slashblade-resharped-1022428-7363505_mapped_parchment_2023.09.03-1.20.1.jar with languages [LanguageSpec[languageName=javafml, acceptedVersions=[47,)]]
[074月2026 17:52:42.968] [main/DEBUG] [net.minecraftforge.fml.loading.moddiscovery.ModFileParser/LOADING]: Considering mod file candidate D:\mcmod\negorerouse\build\resources\main
[074月2026 17:52:42.969] [main/DEBUG] [net.minecraftforge.fml.loading.moddiscovery.ModFileInfo/LOADING]: Found valid mod file main with {prinegorerouse} mods - versions {1.3.2}
[074月2026 17:52:42.969] [main/DEBUG] [net.minecraftforge.fml.loading.moddiscovery.ModFile/LOADING]: Loading mod file D:\mcmod\negorerouse\build\resources\main with languages [LanguageSpec[languageName=javafml, acceptedVersions=[47,)]]
[074月2026 17:52:42.969] [main/DEBUG] [net.minecraftforge.fml.loading.moddiscovery.ModFileParser/LOADING]: Considering mod file candidate /
[074月2026 17:52:42.970] [main/DEBUG] [net.minecraftforge.fml.loading.moddiscovery.ModFileInfo/LOADING]: Found valid mod file  with {forge} mods - versions {47.3.0}
[074月2026 17:52:42.970] [main/DEBUG] [net.minecraftforge.fml.loading.moddiscovery.ModFile/LOADING]: Loading mod file / with languages [LanguageSpec[languageName=javafml, acceptedVersions=[24,]]]
[074月2026 17:52:42.974] [main/DEBUG] [net.minecraftforge.fml.loading.moddiscovery.ModFileParser/LOADING]: Found coremod field_to_method with Javascript path coremods/field_to_method.js
[074月2026 17:52:42.974] [main/DEBUG] [net.minecraftforge.fml.loading.moddiscovery.ModFileParser/LOADING]: Found coremod field_to_instanceof with Javascript path coremods/field_to_instanceof.js
[074月2026 17:52:42.974] [main/DEBUG] [net.minecraftforge.fml.loading.moddiscovery.ModFileParser/LOADING]: Found coremod add_bouncer_method with Javascript path coremods/add_bouncer_method.js
[074月2026 17:52:42.974] [main/DEBUG] [net.minecraftforge.fml.loading.moddiscovery.ModFileParser/LOADING]: Found coremod method_redirector with Javascript path coremods/method_redirector.js
[074月2026 17:52:42.974] [main/DEBUG] [net.minecraftforge.fml.loading.moddiscovery.ModFile/LOADING]: Found coremod coremods/field_to_method.js
[074月2026 17:52:42.974] [main/DEBUG] [net.minecraftforge.fml.loading.moddiscovery.ModFile/LOADING]: Found coremod coremods/field_to_instanceof.js
[074月2026 17:52:42.974] [main/DEBUG] [net.minecraftforge.fml.loading.moddiscovery.ModFile/LOADING]: Found coremod coremods/add_bouncer_method.js
[074月2026 17:52:42.974] [main/DEBUG] [net.minecraftforge.fml.loading.moddiscovery.ModFile/LOADING]: Found coremod coremods/method_redirector.js
[074月2026 17:52:42.974] [main/DEBUG] [net.minecraftforge.fml.loading.moddiscovery.ModFileParser/LOADING]: Considering mod file candidate D:\gradle-9.2.1\caches\forge_gradle\deobf_dependencies\curse\maven\touhou-little-maid-355044\7510714_mapped_parchment_2023.09.03-1.20.1\touhou-little-maid-355044-7510714_mapped_parchment_2023.09.03-1.20.1.jar
[074月2026 17:52:42.975] [main/DEBUG] [net.minecraftforge.fml.loading.moddiscovery.ModFileInfo/LOADING]: Found valid mod file touhou-little-maid-355044-7510714_mapped_parchment_2023.09.03-1.20.1.jar with {touhou_little_maid} mods - versions {1.5.0-forge+mc1.20.1}
[074月2026 17:52:42.975] [main/DEBUG] [net.minecraftforge.fml.loading.moddiscovery.ModFile/LOADING]: Loading mod file D:\gradle-9.2.1\caches\forge_gradle\deobf_dependencies\curse\maven\touhou-little-maid-355044\7510714_mapped_parchment_2023.09.03-1.20.1\touhou-little-maid-355044-7510714_mapped_parchment_2023.09.03-1.20.1.jar with languages [LanguageSpec[languageName=javafml, acceptedVersions=[46,)]]
[074月2026 17:52:42.975] [main/DEBUG] [net.minecraftforge.fml.loading.moddiscovery.ModFile/LOADING]: Loading mod file  with languages []
[074月2026 17:52:42.975] [main/DEBUG] [net.minecraftforge.fml.loading.moddiscovery.ModFile/LOADING]: Loading mod file  with languages []
[074月2026 17:52:42.975] [main/DEBUG] [net.minecraftforge.fml.loading.moddiscovery.ModFile/LOADING]: Loading mod file  with languages []
[074月2026 17:52:42.975] [main/DEBUG] [net.minecraftforge.fml.loading.moddiscovery.ModFile/LOADING]: Loading mod file  with languages []
[074月2026 17:52:42.975] [main/DEBUG] [net.minecraftforge.fml.loading.moddiscovery.ModFile/LOADING]: Loading mod file  with languages []
[074月2026 17:52:42.975] [main/DEBUG] [net.minecraftforge.fml.loading.moddiscovery.ModFile/LOADING]: Loading mod file  with languages []
[074月2026 17:52:42.975] [main/DEBUG] [net.minecraftforge.fml.loading.moddiscovery.ModFile/LOADING]: Loading mod file  with languages []
[074月2026 17:52:42.975] [main/DEBUG] [net.minecraftforge.fml.loading.moddiscovery.ModFile/LOADING]: Loading mod file  with languages []
[074月2026 17:52:42.976] [main/DEBUG] [net.minecraftforge.fml.loading.moddiscovery.ModFile/LOADING]: Loading mod file  with languages []
[074月2026 17:52:42.976] [main/DEBUG] [net.minecraftforge.fml.loading.moddiscovery.ModFile/LOADING]: Loading mod file  with languages []
[074月2026 17:52:42.976] [main/DEBUG] [net.minecraftforge.fml.loading.moddiscovery.ModFile/LOADING]: Loading mod file  with languages []
[074月2026 17:52:42.976] [main/DEBUG] [net.minecraftforge.fml.loading.moddiscovery.ModFile/LOADING]: Loading mod file  with languages []
[074月2026 17:52:42.976] [main/DEBUG] [net.minecraftforge.fml.loading.moddiscovery.ModFile/LOADING]: Loading mod file  with languages []
[074月2026 17:52:42.976] [main/DEBUG] [net.minecraftforge.fml.loading.moddiscovery.ModFile/LOADING]: Loading mod file  with languages []
[074月2026 17:52:42.976] [main/DEBUG] [net.minecraftforge.fml.loading.moddiscovery.ModFile/LOADING]: Loading mod file  with languages []
[074月2026 17:52:42.976] [main/DEBUG] [net.minecraftforge.fml.loading.moddiscovery.ModFile/LOADING]: Loading mod file  with languages []
[074月2026 17:52:42.977] [main/DEBUG] [cpw.mods.modlauncher.TransformationServiceDecorator/MODLAUNCHER]: End scan trigger - transformation service fml
[074月2026 17:52:42.985] [main/DEBUG] [net.minecraftforge.fml.loading.LanguageLoadingProvider/CORE]: Found 3 language providers
[074月2026 17:52:42.986] [main/DEBUG] [net.minecraftforge.fml.loading.LanguageLoadingProvider/CORE]: Found language provider minecraft, version 1.0
[074月2026 17:52:42.986] [main/DEBUG] [net.minecraftforge.fml.loading.LanguageLoadingProvider/CORE]: Found language provider lowcodefml, version 47
[074月2026 17:52:42.987] [main/DEBUG] [net.minecraftforge.fml.loading.LanguageLoadingProvider/CORE]: Found language provider javafml, version 47
[074月2026 17:52:42.990] [main/DEBUG] [net.minecraftforge.fml.loading.UniqueModListBuilder/]: Found 2 mods for first modid org.quiltmc.parsers.json, selecting most recent based on version data
[074月2026 17:52:42.990] [main/DEBUG] [net.minecraftforge.fml.loading.UniqueModListBuilder/]: Selected file json-0.2.1.jar for modid org.quiltmc.parsers.json with version 0.0NONE
[074月2026 17:52:42.990] [main/DEBUG] [net.minecraftforge.fml.loading.UniqueModListBuilder/]: Found 2 mods for first modid com.twelvemonkeys.imageio.webp, selecting most recent based on version data
[074月2026 17:52:42.990] [main/DEBUG] [net.minecraftforge.fml.loading.UniqueModListBuilder/]: Selected file imageio-webp-3.12.0.jar for modid com.twelvemonkeys.imageio.webp with version 3.12.0
[074月2026 17:52:42.990] [main/DEBUG] [net.minecraftforge.fml.loading.UniqueModListBuilder/]: Found 2 mods for first modid com.twelvemonkeys.common.image, selecting most recent based on version data
[074月2026 17:52:42.990] [main/DEBUG] [net.minecraftforge.fml.loading.UniqueModListBuilder/]: Selected file common-image-3.12.0.jar for modid com.twelvemonkeys.common.image with version 3.12.0
[074月2026 17:52:42.990] [main/DEBUG] [net.minecraftforge.fml.loading.UniqueModListBuilder/]: Found 2 mods for first modid com.twelvemonkeys.common.io, selecting most recent based on version data
[074月2026 17:52:42.990] [main/DEBUG] [net.minecraftforge.fml.loading.UniqueModListBuilder/]: Selected file common-io-3.12.0.jar for modid com.twelvemonkeys.common.io with version 3.12.0
[074月2026 17:52:42.991] [main/DEBUG] [net.minecraftforge.fml.loading.UniqueModListBuilder/]: Found 2 mods for first modid org.quiltmc.parsers.gson, selecting most recent based on version data
[074月2026 17:52:42.991] [main/DEBUG] [net.minecraftforge.fml.loading.UniqueModListBuilder/]: Selected file gson-0.2.1.jar for modid org.quiltmc.parsers.gson with version 0.0NONE
[074月2026 17:52:42.991] [main/DEBUG] [net.minecraftforge.fml.loading.UniqueModListBuilder/]: Found 2 mods for first modid com.twelvemonkeys.imageio.core, selecting most recent based on version data
[074月2026 17:52:42.991] [main/DEBUG] [net.minecraftforge.fml.loading.UniqueModListBuilder/]: Selected file imageio-core-3.12.0.jar for modid com.twelvemonkeys.imageio.core with version 3.12.0
[074月2026 17:52:42.991] [main/DEBUG] [net.minecraftforge.fml.loading.UniqueModListBuilder/]: Found 2 mods for first modid com.twelvemonkeys.common.lang, selecting most recent based on version data
[074月2026 17:52:42.991] [main/DEBUG] [net.minecraftforge.fml.loading.UniqueModListBuilder/]: Selected file common-lang-3.12.0.jar for modid com.twelvemonkeys.common.lang with version 3.12.0
[074月2026 17:52:42.991] [main/DEBUG] [net.minecraftforge.fml.loading.UniqueModListBuilder/]: Found 2 mods for first modid com.twelvemonkeys.imageio.metadata, selecting most recent based on version data
[074月2026 17:52:42.991] [main/DEBUG] [net.minecraftforge.fml.loading.UniqueModListBuilder/]: Selected file imageio-metadata-3.12.0.jar for modid com.twelvemonkeys.imageio.metadata with version 3.12.0
[074月2026 17:52:42.993] [main/DEBUG] [net.minecraftforge.fml.loading.ModSorter/]: Configured system mods: [minecraft, forge]
[074月2026 17:52:42.993] [main/DEBUG] [net.minecraftforge.fml.loading.ModSorter/]: Found system mod: minecraft
[074月2026 17:52:42.993] [main/DEBUG] [net.minecraftforge.fml.loading.ModSorter/]: Found system mod: forge
[074月2026 17:52:42.996] [main/DEBUG] [net.minecraftforge.fml.loading.ModSorter/LOADING]: Found 13 mod requirements (12 mandatory, 1 optional)
[074月2026 17:52:42.997] [main/DEBUG] [net.minecraftforge.fml.loading.ModSorter/LOADING]: Found 0 mod requirements missing (0 mandatory, 0 optional)
[074月2026 17:52:43.346] [main/DEBUG] [net.minecraftforge.fml.loading.MCPNamingService/CORE]: Loaded 34318 method mappings from methods.csv
[074月2026 17:52:43.373] [main/DEBUG] [net.minecraftforge.fml.loading.MCPNamingService/CORE]: Loaded 31014 field mappings from fields.csv
[074月2026 17:52:43.419] [main/DEBUG] [cpw.mods.modlauncher.TransformationServicesHandler/MODLAUNCHER]: Transformation services loading transformers
[074月2026 17:52:43.420] [main/DEBUG] [cpw.mods.modlauncher.TransformationServiceDecorator/MODLAUNCHER]: Initializing transformers for transformation service mixin
[074月2026 17:52:43.421] [main/DEBUG] [cpw.mods.modlauncher.TransformationServiceDecorator/MODLAUNCHER]: Initialized transformers for transformation service mixin
[074月2026 17:52:43.421] [main/DEBUG] [cpw.mods.modlauncher.TransformationServiceDecorator/MODLAUNCHER]: Initializing transformers for transformation service fml
[074月2026 17:52:43.421] [main/DEBUG] [net.minecraftforge.fml.loading.FMLServiceProvider/CORE]: Loading coremod transformers
[074月2026 17:52:43.421] [main/DEBUG] [net.minecraftforge.coremod.CoreModEngine/COREMOD]: Loading CoreMod from coremods/field_to_method.js
[074月2026 17:52:43.639] [main/DEBUG] [net.minecraftforge.coremod.CoreModEngine/COREMOD]: CoreMod loaded successfully
[074月2026 17:52:43.639] [main/DEBUG] [net.minecraftforge.coremod.CoreModEngine/COREMOD]: Loading CoreMod from coremods/field_to_instanceof.js
[074月2026 17:52:43.712] [main/DEBUG] [net.minecraftforge.coremod.CoreModEngine/COREMOD]: CoreMod loaded successfully
[074月2026 17:52:43.712] [main/DEBUG] [net.minecraftforge.coremod.CoreModEngine/COREMOD]: Loading CoreMod from coremods/add_bouncer_method.js
[074月2026 17:52:43.747] [main/DEBUG] [net.minecraftforge.coremod.CoreModEngine/COREMOD]: CoreMod loaded successfully
[074月2026 17:52:43.747] [main/DEBUG] [net.minecraftforge.coremod.CoreModEngine/COREMOD]: Loading CoreMod from coremods/method_redirector.js
[074月2026 17:52:43.801] [main/DEBUG] [net.minecraftforge.coremod.CoreModEngine/COREMOD]: CoreMod loaded successfully
[074月2026 17:52:43.815] [main/DEBUG] [cpw.mods.modlauncher.TransformStore/MODLAUNCHER]: Adding transformer net.minecraftforge.coremod.transformer.CoreModClassTransformer@3003e580 to Target : CLASS {Lnet/minecraft/world/level/biome/Biome;} {} {V}
[074月2026 17:52:43.817] [main/DEBUG] [cpw.mods.modlauncher.TransformStore/MODLAUNCHER]: Adding transformer net.minecraftforge.coremod.transformer.CoreModClassTransformer@5afbd567 to Target : CLASS {Lnet/minecraft/world/level/levelgen/structure/Structure;} {} {V}
[074月2026 17:52:43.817] [main/DEBUG] [cpw.mods.modlauncher.TransformStore/MODLAUNCHER]: Adding transformer net.minecraftforge.coremod.transformer.CoreModClassTransformer@6993c8df to Target : CLASS {Lnet/minecraft/world/effect/MobEffectInstance;} {} {V}
[074月2026 17:52:43.817] [main/DEBUG] [cpw.mods.modlauncher.TransformStore/MODLAUNCHER]: Adding transformer net.minecraftforge.coremod.transformer.CoreModClassTransformer@57545c3f to Target : CLASS {Lnet/minecraft/world/level/block/LiquidBlock;} {} {V}
[074月2026 17:52:43.817] [main/DEBUG] [cpw.mods.modlauncher.TransformStore/MODLAUNCHER]: Adding transformer net.minecraftforge.coremod.transformer.CoreModClassTransformer@326e0b8e to Target : CLASS {Lnet/minecraft/world/item/BucketItem;} {} {V}
[074月2026 17:52:43.817] [main/DEBUG] [cpw.mods.modlauncher.TransformStore/MODLAUNCHER]: Adding transformer net.minecraftforge.coremod.transformer.CoreModClassTransformer@36baa049 to Target : CLASS {Lnet/minecraft/world/level/block/StairBlock;} {} {V}
[074月2026 17:52:43.817] [main/DEBUG] [cpw.mods.modlauncher.TransformStore/MODLAUNCHER]: Adding transformer net.minecraftforge.coremod.transformer.CoreModClassTransformer@41184371 to Target : CLASS {Lnet/minecraft/world/level/block/FlowerPotBlock;} {} {V}
[074月2026 17:52:43.817] [main/DEBUG] [cpw.mods.modlauncher.TransformStore/MODLAUNCHER]: Adding transformer net.minecraftforge.coremod.transformer.CoreModClassTransformer@34585ac9 to Target : CLASS {Lnet/minecraft/world/item/ItemStack;} {} {V}
[074月2026 17:52:43.817] [main/DEBUG] [cpw.mods.modlauncher.TransformStore/MODLAUNCHER]: Adding transformer net.minecraftforge.coremod.transformer.CoreModClassTransformer@76a805b7 to Target : CLASS {Lnet/minecraft/network/play/client/CClientSettingsPacket;} {} {V}
[074月2026 17:52:43.817] [main/DEBUG] [cpw.mods.modlauncher.TransformStore/MODLAUNCHER]: Adding transformer net.minecraftforge.coremod.transformer.CoreModClassTransformer@15f35bc3 to Target : CLASS {Lnet/minecraft/world/level/levelgen/PatrolSpawner;} {} {V}
[074月2026 17:52:43.817] [main/DEBUG] [cpw.mods.modlauncher.TransformStore/MODLAUNCHER]: Adding transformer net.minecraftforge.coremod.transformer.CoreModClassTransformer@15f35bc3 to Target : CLASS {Lnet/minecraft/world/level/levelgen/PhantomSpawner;} {} {V}
[074月2026 17:52:43.817] [main/DEBUG] [cpw.mods.modlauncher.TransformStore/MODLAUNCHER]: Adding transformer net.minecraftforge.coremod.transformer.CoreModClassTransformer@15f35bc3 to Target : CLASS {Lnet/minecraft/server/commands/RaidCommand;} {} {V}
[074月2026 17:52:43.818] [main/DEBUG] [cpw.mods.modlauncher.TransformStore/MODLAUNCHER]: Adding transformer net.minecraftforge.coremod.transformer.CoreModClassTransformer@15f35bc3 to Target : CLASS {Lnet/minecraft/world/entity/ai/village/VillageSiege;} {} {V}
[074月2026 17:52:43.818] [main/DEBUG] [cpw.mods.modlauncher.TransformStore/MODLAUNCHER]: Adding transformer net.minecraftforge.coremod.transformer.CoreModClassTransformer@15f35bc3 to Target : CLASS {Lnet/minecraft/world/entity/monster/Evoker$EvokerSummonSpellGoal;} {} {V}
[074月2026 17:52:43.818] [main/DEBUG] [cpw.mods.modlauncher.TransformStore/MODLAUNCHER]: Adding transformer net.minecraftforge.coremod.transformer.CoreModClassTransformer@15f35bc3 to Target : CLASS {Lnet/minecraft/world/entity/raid/Raid;} {} {V}
[074月2026 17:52:43.818] [main/DEBUG] [cpw.mods.modlauncher.TransformStore/MODLAUNCHER]: Adding transformer net.minecraftforge.coremod.transformer.CoreModClassTransformer@15f35bc3 to Target : CLASS {Lnet/minecraft/world/entity/EntityType;} {} {V}
[074月2026 17:52:43.818] [main/DEBUG] [cpw.mods.modlauncher.TransformStore/MODLAUNCHER]: Adding transformer net.minecraftforge.coremod.transformer.CoreModClassTransformer@15f35bc3 to Target : CLASS {Lnet/minecraft/world/entity/npc/CatSpawner;} {} {V}
[074月2026 17:52:43.818] [main/DEBUG] [cpw.mods.modlauncher.TransformStore/MODLAUNCHER]: Adding transformer net.minecraftforge.coremod.transformer.CoreModClassTransformer@15f35bc3 to Target : CLASS {Lnet/minecraft/world/level/NaturalSpawner;} {} {V}
[074月2026 17:52:43.818] [main/DEBUG] [cpw.mods.modlauncher.TransformStore/MODLAUNCHER]: Adding transformer net.minecraftforge.coremod.transformer.CoreModClassTransformer@15f35bc3 to Target : CLASS {Lnet/minecraft/world/entity/monster/Strider;} {} {V}
[074月2026 17:52:43.818] [main/DEBUG] [cpw.mods.modlauncher.TransformStore/MODLAUNCHER]: Adding transformer net.minecraftforge.coremod.transformer.CoreModClassTransformer@15f35bc3 to Target : CLASS {Lnet/minecraft/world/entity/monster/ZombieVillager;} {} {V}
[074月2026 17:52:43.818] [main/DEBUG] [cpw.mods.modlauncher.TransformStore/MODLAUNCHER]: Adding transformer net.minecraftforge.coremod.transformer.CoreModClassTransformer@15f35bc3 to Target : CLASS {Lnet/minecraft/world/entity/monster/Zombie;} {} {V}
[074月2026 17:52:43.818] [main/DEBUG] [cpw.mods.modlauncher.TransformStore/MODLAUNCHER]: Adding transformer net.minecraftforge.coremod.transformer.CoreModClassTransformer@15f35bc3 to Target : CLASS {Lnet/minecraft/server/commands/SummonCommand;} {} {V}
[074月2026 17:52:43.818] [main/DEBUG] [cpw.mods.modlauncher.TransformStore/MODLAUNCHER]: Adding transformer net.minecraftforge.coremod.transformer.CoreModClassTransformer@15f35bc3 to Target : CLASS {Lnet/minecraft/world/entity/monster/Spider;} {} {V}
[074月2026 17:52:43.818] [main/DEBUG] [cpw.mods.modlauncher.TransformStore/MODLAUNCHER]: Adding transformer net.minecraftforge.coremod.transformer.CoreModClassTransformer@15f35bc3 to Target : CLASS {Lnet/minecraft/world/level/levelgen/structure/structures/WoodlandMansionPieces$WoodlandMansionPiece;} {} {V}
[074月2026 17:52:43.818] [main/DEBUG] [cpw.mods.modlauncher.TransformStore/MODLAUNCHER]: Adding transformer net.minecraftforge.coremod.transformer.CoreModClassTransformer@15f35bc3 to Target : CLASS {Lnet/minecraft/world/entity/npc/Villager;} {} {V}
[074月2026 17:52:43.818] [main/DEBUG] [cpw.mods.modlauncher.TransformStore/MODLAUNCHER]: Adding transformer net.minecraftforge.coremod.transformer.CoreModClassTransformer@15f35bc3 to Target : CLASS {Lnet/minecraft/world/entity/animal/horse/SkeletonTrapGoal;} {} {V}
[074月2026 17:52:43.818] [main/DEBUG] [cpw.mods.modlauncher.TransformStore/MODLAUNCHER]: Adding transformer net.minecraftforge.coremod.transformer.CoreModClassTransformer@15f35bc3 to Target : CLASS {Lnet/minecraft/world/entity/animal/frog/Tadpole;} {} {V}
[074月2026 17:52:43.819] [main/DEBUG] [cpw.mods.modlauncher.TransformStore/MODLAUNCHER]: Adding transformer net.minecraftforge.coremod.transformer.CoreModClassTransformer@15f35bc3 to Target : CLASS {Lnet/minecraft/world/level/levelgen/structure/structures/OceanMonumentPieces$OceanMonumentPiece;} {} {V}
[074月2026 17:52:43.819] [main/DEBUG] [cpw.mods.modlauncher.TransformStore/MODLAUNCHER]: Adding transformer net.minecraftforge.coremod.transformer.CoreModClassTransformer@15f35bc3 to Target : CLASS {Lnet/minecraft/world/level/levelgen/structure/structures/OceanRuinPieces$OceanRuinPiece;} {} {V}
[074月2026 17:52:43.819] [main/DEBUG] [cpw.mods.modlauncher.TransformStore/MODLAUNCHER]: Adding transformer net.minecraftforge.coremod.transformer.CoreModClassTransformer@15f35bc3 to Target : CLASS {Lnet/minecraft/world/level/levelgen/structure/structures/SwampHutPiece;} {} {V}
[074月2026 17:52:43.819] [main/DEBUG] [cpw.mods.modlauncher.TransformStore/MODLAUNCHER]: Adding transformer net.minecraftforge.coremod.transformer.CoreModClassTransformer@15f35bc3 to Target : CLASS {Lnet/minecraft/world/level/levelgen/structure/templatesystem/StructureTemplate;} {} {V}
[074月2026 17:52:43.819] [main/DEBUG] [cpw.mods.modlauncher.TransformationServiceDecorator/MODLAUNCHER]: Initialized transformers for transformation service fml
[074月2026 17:52:44.346] [main/DEBUG] [mixin/]: Processing prepare() for PlatformAgent[MixinPlatformAgentDefault:ModLauncher Root Container(ModLauncher:4f56a0a2)]
[074月2026 17:52:44.346] [main/DEBUG] [mixin/]: Registering mixin config: prinegorerouse.mixins.json
[074月2026 17:52:44.363] [main/DEBUG] [mixin/]: Compatibility level JAVA_17 specified by prinegorerouse.mixins.json is higher than the maximum level supported by this version of mixin (JAVA_13).
[074月2026 17:52:44.366] [main/INFO] [mixin/]: Compatibility level set to JAVA_17
[074月2026 17:52:44.367] [main/DEBUG] [mixin/]: Processing launch tasks for PlatformAgent[MixinPlatformAgentDefault:ModLauncher Root Container(ModLauncher:4f56a0a2)]
[074月2026 17:52:44.367] [main/DEBUG] [mixin/]: Adding mixin platform agents for container SecureJarResource(minecraft)
[074月2026 17:52:44.367] [main/DEBUG] [mixin/]: Instancing new MixinPlatformAgentMinecraftForge for SecureJarResource(minecraft)
[074月2026 17:52:44.367] [main/DEBUG] [mixin/]: MixinPlatformAgentMinecraftForge rejected container SecureJarResource(minecraft)
[074月2026 17:52:44.367] [main/DEBUG] [mixin/]: Instancing new MixinPlatformAgentDefault for SecureJarResource(minecraft)
[074月2026 17:52:44.367] [main/DEBUG] [mixin/]: MixinPlatformAgentDefault accepted container SecureJarResource(minecraft)
[074月2026 17:52:44.367] [main/DEBUG] [mixin/]: Processing prepare() for PlatformAgent[MixinPlatformAgentDefault:SecureJarResource(minecraft)]
[074月2026 17:52:44.367] [main/DEBUG] [mixin/]: Adding mixin platform agents for container SecureJarResource(damage_number)
[074月2026 17:52:44.367] [main/DEBUG] [mixin/]: Instancing new MixinPlatformAgentMinecraftForge for SecureJarResource(damage_number)
[074月2026 17:52:44.367] [main/DEBUG] [mixin/]: MixinPlatformAgentMinecraftForge rejected container SecureJarResource(damage_number)
[074月2026 17:52:44.367] [main/DEBUG] [mixin/]: Instancing new MixinPlatformAgentDefault for SecureJarResource(damage_number)
[074月2026 17:52:44.367] [main/DEBUG] [mixin/]: MixinPlatformAgentDefault accepted container SecureJarResource(damage_number)
[074月2026 17:52:44.367] [main/DEBUG] [mixin/]: Processing prepare() for PlatformAgent[MixinPlatformAgentDefault:SecureJarResource(damage_number)]
[074月2026 17:52:44.367] [main/DEBUG] [mixin/]: Adding mixin platform agents for container SecureJarResource(jade)
[074月2026 17:52:44.367] [main/DEBUG] [mixin/]: Instancing new MixinPlatformAgentMinecraftForge for SecureJarResource(jade)
[074月2026 17:52:44.368] [main/DEBUG] [mixin/]: MixinPlatformAgentMinecraftForge rejected container SecureJarResource(jade)
[074月2026 17:52:44.368] [main/DEBUG] [mixin/]: Instancing new MixinPlatformAgentDefault for SecureJarResource(jade)
[074月2026 17:52:44.368] [main/DEBUG] [mixin/]: MixinPlatformAgentDefault accepted container SecureJarResource(jade)
[074月2026 17:52:44.368] [main/DEBUG] [mixin/]: Processing prepare() for PlatformAgent[MixinPlatformAgentDefault:SecureJarResource(jade)]
[074月2026 17:52:44.368] [main/DEBUG] [mixin/]: Registering mixin config: jade.mixins.json
[074月2026 17:52:44.369] [main/DEBUG] [mixin/]: Compatibility level JAVA_16 specified by jade.mixins.json is higher than the maximum level supported by this version of mixin (JAVA_13).
[074月2026 17:52:44.369] [main/DEBUG] [mixin/]: Adding mixin platform agents for container SecureJarResource(yet_another_config_lib_v3)
[074月2026 17:52:44.369] [main/DEBUG] [mixin/]: Instancing new MixinPlatformAgentMinecraftForge for SecureJarResource(yet_another_config_lib_v3)
[074月2026 17:52:44.369] [main/DEBUG] [mixin/]: MixinPlatformAgentMinecraftForge rejected container SecureJarResource(yet_another_config_lib_v3)
[074月2026 17:52:44.369] [main/DEBUG] [mixin/]: Instancing new MixinPlatformAgentDefault for SecureJarResource(yet_another_config_lib_v3)
[074月2026 17:52:44.370] [main/DEBUG] [mixin/]: MixinPlatformAgentDefault accepted container SecureJarResource(yet_another_config_lib_v3)
[074月2026 17:52:44.370] [main/DEBUG] [mixin/]: Processing prepare() for PlatformAgent[MixinPlatformAgentDefault:SecureJarResource(yet_another_config_lib_v3)]
[074月2026 17:52:44.370] [main/DEBUG] [mixin/]: Registering mixin config: yacl.mixins.json
[074月2026 17:52:44.371] [main/ERROR] [mixin/]: Mixin config yacl.mixins.json does not specify "minVersion" property
[074月2026 17:52:44.371] [main/DEBUG] [mixin/]: Adding mixin platform agents for container SecureJarResource(jei)
[074月2026 17:52:44.371] [main/DEBUG] [mixin/]: Instancing new MixinPlatformAgentMinecraftForge for SecureJarResource(jei)
[074月2026 17:52:44.371] [main/DEBUG] [mixin/]: MixinPlatformAgentMinecraftForge rejected container SecureJarResource(jei)
[074月2026 17:52:44.371] [main/DEBUG] [mixin/]: Instancing new MixinPlatformAgentDefault for SecureJarResource(jei)
[074月2026 17:52:44.371] [main/DEBUG] [mixin/]: MixinPlatformAgentDefault accepted container SecureJarResource(jei)
[074月2026 17:52:44.371] [main/DEBUG] [mixin/]: Processing prepare() for PlatformAgent[MixinPlatformAgentDefault:SecureJarResource(jei)]
[074月2026 17:52:44.371] [main/DEBUG] [mixin/]: Adding mixin platform agents for container SecureJarResource(slashblade)
[074月2026 17:52:44.371] [main/DEBUG] [mixin/]: Instancing new MixinPlatformAgentMinecraftForge for SecureJarResource(slashblade)
[074月2026 17:52:44.371] [main/DEBUG] [mixin/]: MixinPlatformAgentMinecraftForge rejected container SecureJarResource(slashblade)
[074月2026 17:52:44.371] [main/DEBUG] [mixin/]: Instancing new MixinPlatformAgentDefault for SecureJarResource(slashblade)
[074月2026 17:52:44.371] [main/DEBUG] [mixin/]: MixinPlatformAgentDefault accepted container SecureJarResource(slashblade)
[074月2026 17:52:44.371] [main/DEBUG] [mixin/]: Processing prepare() for PlatformAgent[MixinPlatformAgentDefault:SecureJarResource(slashblade)]
[074月2026 17:52:44.372] [main/DEBUG] [mixin/]: Registering mixin config: slashblade.mixins.json
[074月2026 17:52:44.373] [main/DEBUG] [mixin/]: Registering mixin config: slashblade.thetwilightforest.mixins.json
[074月2026 17:52:44.374] [main/DEBUG] [mixin/]: Registering mixin config: slashblade.patchouli.mixins.json
[074月2026 17:52:44.375] [main/DEBUG] [mixin/]: Registering mixin config: slashblade.emi.mixins.json
[074月2026 17:52:44.376] [main/DEBUG] [mixin/]: Registering mixin config: slashblade.ar.mixins.json
[074月2026 17:52:44.376] [main/DEBUG] [mixin/]: Adding mixin platform agents for container SecureJarResource(prinegorerouse)
[074月2026 17:52:44.376] [main/DEBUG] [mixin/]: Instancing new MixinPlatformAgentMinecraftForge for SecureJarResource(prinegorerouse)
[074月2026 17:52:44.376] [main/DEBUG] [mixin/]: MixinPlatformAgentMinecraftForge rejected container SecureJarResource(prinegorerouse)
[074月2026 17:52:44.376] [main/DEBUG] [mixin/]: Instancing new MixinPlatformAgentDefault for SecureJarResource(prinegorerouse)
[074月2026 17:52:44.377] [main/DEBUG] [mixin/]: MixinPlatformAgentDefault accepted container SecureJarResource(prinegorerouse)
[074月2026 17:52:44.377] [main/DEBUG] [mixin/]: Processing prepare() for PlatformAgent[MixinPlatformAgentDefault:SecureJarResource(prinegorerouse)]
[074月2026 17:52:44.377] [main/DEBUG] [mixin/]: Adding mixin platform agents for container SecureJarResource(forge)
[074月2026 17:52:44.377] [main/DEBUG] [mixin/]: Instancing new MixinPlatformAgentMinecraftForge for SecureJarResource(forge)
[074月2026 17:52:44.377] [main/DEBUG] [mixin/]: MixinPlatformAgentMinecraftForge rejected container SecureJarResource(forge)
[074月2026 17:52:44.377] [main/DEBUG] [mixin/]: Instancing new MixinPlatformAgentDefault for SecureJarResource(forge)
[074月2026 17:52:44.377] [main/DEBUG] [mixin/]: MixinPlatformAgentDefault accepted container SecureJarResource(forge)
[074月2026 17:52:44.377] [main/DEBUG] [mixin/]: Processing prepare() for PlatformAgent[MixinPlatformAgentDefault:SecureJarResource(forge)]
[074月2026 17:52:44.377] [main/DEBUG] [mixin/]: Adding mixin platform agents for container SecureJarResource(touhou_little_maid)
[074月2026 17:52:44.377] [main/DEBUG] [mixin/]: Instancing new MixinPlatformAgentMinecraftForge for SecureJarResource(touhou_little_maid)
[074月2026 17:52:44.377] [main/DEBUG] [mixin/]: MixinPlatformAgentMinecraftForge rejected container SecureJarResource(touhou_little_maid)
[074月2026 17:52:44.377] [main/DEBUG] [mixin/]: Instancing new MixinPlatformAgentDefault for SecureJarResource(touhou_little_maid)
[074月2026 17:52:44.377] [main/DEBUG] [mixin/]: MixinPlatformAgentDefault accepted container SecureJarResource(touhou_little_maid)
[074月2026 17:52:44.377] [main/DEBUG] [mixin/]: Processing prepare() for PlatformAgent[MixinPlatformAgentDefault:SecureJarResource(touhou_little_maid)]
[074月2026 17:52:44.377] [main/DEBUG] [mixin/]: Registering mixin config: touhou_little_maid.mixins.json
[074月2026 17:52:44.378] [main/DEBUG] [mixin/]: Adding mixin platform agents for container SecureJarResource(org.quiltmc.parsers.json)
[074月2026 17:52:44.378] [main/DEBUG] [mixin/]: Instancing new MixinPlatformAgentMinecraftForge for SecureJarResource(org.quiltmc.parsers.json)
[074月2026 17:52:44.378] [main/DEBUG] [mixin/]: MixinPlatformAgentMinecraftForge rejected container SecureJarResource(org.quiltmc.parsers.json)
[074月2026 17:52:44.378] [main/DEBUG] [mixin/]: Instancing new MixinPlatformAgentDefault for SecureJarResource(org.quiltmc.parsers.json)
[074月2026 17:52:44.378] [main/DEBUG] [mixin/]: MixinPlatformAgentDefault accepted container SecureJarResource(org.quiltmc.parsers.json)
[074月2026 17:52:44.379] [main/DEBUG] [mixin/]: Processing prepare() for PlatformAgent[MixinPlatformAgentDefault:SecureJarResource(org.quiltmc.parsers.json)]
[074月2026 17:52:44.379] [main/DEBUG] [mixin/]: Adding mixin platform agents for container SecureJarResource(com.twelvemonkeys.imageio.webp)
[074月2026 17:52:44.379] [main/DEBUG] [mixin/]: Instancing new MixinPlatformAgentMinecraftForge for SecureJarResource(com.twelvemonkeys.imageio.webp)
[074月2026 17:52:44.379] [main/DEBUG] [mixin/]: MixinPlatformAgentMinecraftForge rejected container SecureJarResource(com.twelvemonkeys.imageio.webp)
[074月2026 17:52:44.379] [main/DEBUG] [mixin/]: Instancing new MixinPlatformAgentDefault for SecureJarResource(com.twelvemonkeys.imageio.webp)
[074月2026 17:52:44.379] [main/DEBUG] [mixin/]: MixinPlatformAgentDefault accepted container SecureJarResource(com.twelvemonkeys.imageio.webp)
[074月2026 17:52:44.379] [main/DEBUG] [mixin/]: Processing prepare() for PlatformAgent[MixinPlatformAgentDefault:SecureJarResource(com.twelvemonkeys.imageio.webp)]
[074月2026 17:52:44.379] [main/DEBUG] [mixin/]: Adding mixin platform agents for container SecureJarResource(com.twelvemonkeys.common.image)
[074月2026 17:52:44.379] [main/DEBUG] [mixin/]: Instancing new MixinPlatformAgentMinecraftForge for SecureJarResource(com.twelvemonkeys.common.image)
[074月2026 17:52:44.379] [main/DEBUG] [mixin/]: MixinPlatformAgentMinecraftForge rejected container SecureJarResource(com.twelvemonkeys.common.image)
[074月2026 17:52:44.379] [main/DEBUG] [mixin/]: Instancing new MixinPlatformAgentDefault for SecureJarResource(com.twelvemonkeys.common.image)
[074月2026 17:52:44.379] [main/DEBUG] [mixin/]: MixinPlatformAgentDefault accepted container SecureJarResource(com.twelvemonkeys.common.image)
[074月2026 17:52:44.379] [main/DEBUG] [mixin/]: Processing prepare() for PlatformAgent[MixinPlatformAgentDefault:SecureJarResource(com.twelvemonkeys.common.image)]
[074月2026 17:52:44.379] [main/DEBUG] [mixin/]: Adding mixin platform agents for container SecureJarResource(com.twelvemonkeys.common.io)
[074月2026 17:52:44.379] [main/DEBUG] [mixin/]: Instancing new MixinPlatformAgentMinecraftForge for SecureJarResource(com.twelvemonkeys.common.io)
[074月2026 17:52:44.379] [main/DEBUG] [mixin/]: MixinPlatformAgentMinecraftForge rejected container SecureJarResource(com.twelvemonkeys.common.io)
[074月2026 17:52:44.380] [main/DEBUG] [mixin/]: Instancing new MixinPlatformAgentDefault for SecureJarResource(com.twelvemonkeys.common.io)
[074月2026 17:52:44.380] [main/DEBUG] [mixin/]: MixinPlatformAgentDefault accepted container SecureJarResource(com.twelvemonkeys.common.io)
[074月2026 17:52:44.380] [main/DEBUG] [mixin/]: Processing prepare() for PlatformAgent[MixinPlatformAgentDefault:SecureJarResource(com.twelvemonkeys.common.io)]
[074月2026 17:52:44.380] [main/DEBUG] [mixin/]: Adding mixin platform agents for container SecureJarResource(org.quiltmc.parsers.gson)
[074月2026 17:52:44.380] [main/DEBUG] [mixin/]: Instancing new MixinPlatformAgentMinecraftForge for SecureJarResource(org.quiltmc.parsers.gson)
[074月2026 17:52:44.380] [main/DEBUG] [mixin/]: MixinPlatformAgentMinecraftForge rejected container SecureJarResource(org.quiltmc.parsers.gson)
[074月2026 17:52:44.381] [main/DEBUG] [mixin/]: Instancing new MixinPlatformAgentDefault for SecureJarResource(org.quiltmc.parsers.gson)
[074月2026 17:52:44.381] [main/DEBUG] [mixin/]: MixinPlatformAgentDefault accepted container SecureJarResource(org.quiltmc.parsers.gson)
[074月2026 17:52:44.381] [main/DEBUG] [mixin/]: Processing prepare() for PlatformAgent[MixinPlatformAgentDefault:SecureJarResource(org.quiltmc.parsers.gson)]
[074月2026 17:52:44.381] [main/DEBUG] [mixin/]: Adding mixin platform agents for container SecureJarResource(com.twelvemonkeys.imageio.core)
[074月2026 17:52:44.381] [main/DEBUG] [mixin/]: Instancing new MixinPlatformAgentMinecraftForge for SecureJarResource(com.twelvemonkeys.imageio.core)
[074月2026 17:52:44.381] [main/DEBUG] [mixin/]: MixinPlatformAgentMinecraftForge rejected container SecureJarResource(com.twelvemonkeys.imageio.core)
[074月2026 17:52:44.381] [main/DEBUG] [mixin/]: Instancing new MixinPlatformAgentDefault for SecureJarResource(com.twelvemonkeys.imageio.core)
[074月2026 17:52:44.382] [main/DEBUG] [mixin/]: MixinPlatformAgentDefault accepted container SecureJarResource(com.twelvemonkeys.imageio.core)
[074月2026 17:52:44.382] [main/DEBUG] [mixin/]: Processing prepare() for PlatformAgent[MixinPlatformAgentDefault:SecureJarResource(com.twelvemonkeys.imageio.core)]
[074月2026 17:52:44.382] [main/DEBUG] [mixin/]: Adding mixin platform agents for container SecureJarResource(com.twelvemonkeys.common.lang)
[074月2026 17:52:44.382] [main/DEBUG] [mixin/]: Instancing new MixinPlatformAgentMinecraftForge for SecureJarResource(com.twelvemonkeys.common.lang)
[074月2026 17:52:44.382] [main/DEBUG] [mixin/]: MixinPlatformAgentMinecraftForge rejected container SecureJarResource(com.twelvemonkeys.common.lang)
[074月2026 17:52:44.382] [main/DEBUG] [mixin/]: Instancing new MixinPlatformAgentDefault for SecureJarResource(com.twelvemonkeys.common.lang)
[074月2026 17:52:44.382] [main/DEBUG] [mixin/]: MixinPlatformAgentDefault accepted container SecureJarResource(com.twelvemonkeys.common.lang)
[074月2026 17:52:44.382] [main/DEBUG] [mixin/]: Processing prepare() for PlatformAgent[MixinPlatformAgentDefault:SecureJarResource(com.twelvemonkeys.common.lang)]
[074月2026 17:52:44.382] [main/DEBUG] [mixin/]: Adding mixin platform agents for container SecureJarResource(com.twelvemonkeys.imageio.metadata)
[074月2026 17:52:44.382] [main/DEBUG] [mixin/]: Instancing new MixinPlatformAgentMinecraftForge for SecureJarResource(com.twelvemonkeys.imageio.metadata)
[074月2026 17:52:44.382] [main/DEBUG] [mixin/]: MixinPlatformAgentMinecraftForge rejected container SecureJarResource(com.twelvemonkeys.imageio.metadata)
[074月2026 17:52:44.382] [main/DEBUG] [mixin/]: Instancing new MixinPlatformAgentDefault for SecureJarResource(com.twelvemonkeys.imageio.metadata)
[074月2026 17:52:44.382] [main/DEBUG] [mixin/]: MixinPlatformAgentDefault accepted container SecureJarResource(com.twelvemonkeys.imageio.metadata)
[074月2026 17:52:44.382] [main/DEBUG] [mixin/]: Processing prepare() for PlatformAgent[MixinPlatformAgentDefault:SecureJarResource(com.twelvemonkeys.imageio.metadata)]
[074月2026 17:52:44.383] [main/DEBUG] [mixin/]: inject() running with 18 agents
[074月2026 17:52:44.383] [main/DEBUG] [mixin/]: Processing inject() for PlatformAgent[MixinPlatformAgentDefault:ModLauncher Root Container(ModLauncher:4f56a0a2)]
[074月2026 17:52:44.383] [main/DEBUG] [mixin/]: Processing inject() for PlatformAgent[MixinPlatformAgentDefault:SecureJarResource(minecraft)]
[074月2026 17:52:44.383] [main/DEBUG] [mixin/]: Processing inject() for PlatformAgent[MixinPlatformAgentDefault:SecureJarResource(damage_number)]
[074月2026 17:52:44.383] [main/DEBUG] [mixin/]: Processing inject() for PlatformAgent[MixinPlatformAgentDefault:SecureJarResource(jade)]
[074月2026 17:52:44.383] [main/DEBUG] [mixin/]: Processing inject() for PlatformAgent[MixinPlatformAgentDefault:SecureJarResource(yet_another_config_lib_v3)]
[074月2026 17:52:44.383] [main/DEBUG] [mixin/]: Processing inject() for PlatformAgent[MixinPlatformAgentDefault:SecureJarResource(jei)]
[074月2026 17:52:44.383] [main/DEBUG] [mixin/]: Processing inject() for PlatformAgent[MixinPlatformAgentDefault:SecureJarResource(slashblade)]
[074月2026 17:52:44.383] [main/DEBUG] [mixin/]: Processing inject() for PlatformAgent[MixinPlatformAgentDefault:SecureJarResource(prinegorerouse)]
[074月2026 17:52:44.383] [main/DEBUG] [mixin/]: Processing inject() for PlatformAgent[MixinPlatformAgentDefault:SecureJarResource(forge)]
[074月2026 17:52:44.383] [main/DEBUG] [mixin/]: Processing inject() for PlatformAgent[MixinPlatformAgentDefault:SecureJarResource(touhou_little_maid)]
[074月2026 17:52:44.383] [main/DEBUG] [mixin/]: Processing inject() for PlatformAgent[MixinPlatformAgentDefault:SecureJarResource(org.quiltmc.parsers.json)]
[074月2026 17:52:44.383] [main/DEBUG] [mixin/]: Processing inject() for PlatformAgent[MixinPlatformAgentDefault:SecureJarResource(com.twelvemonkeys.imageio.webp)]
[074月2026 17:52:44.383] [main/DEBUG] [mixin/]: Processing inject() for PlatformAgent[MixinPlatformAgentDefault:SecureJarResource(com.twelvemonkeys.common.image)]
[074月2026 17:52:44.383] [main/DEBUG] [mixin/]: Processing inject() for PlatformAgent[MixinPlatformAgentDefault:SecureJarResource(com.twelvemonkeys.common.io)]
[074月2026 17:52:44.383] [main/DEBUG] [mixin/]: Processing inject() for PlatformAgent[MixinPlatformAgentDefault:SecureJarResource(org.quiltmc.parsers.gson)]
[074月2026 17:52:44.383] [main/DEBUG] [mixin/]: Processing inject() for PlatformAgent[MixinPlatformAgentDefault:SecureJarResource(com.twelvemonkeys.imageio.core)]
[074月2026 17:52:44.383] [main/DEBUG] [mixin/]: Processing inject() for PlatformAgent[MixinPlatformAgentDefault:SecureJarResource(com.twelvemonkeys.common.lang)]
[074月2026 17:52:44.384] [main/DEBUG] [mixin/]: Processing inject() for PlatformAgent[MixinPlatformAgentDefault:SecureJarResource(com.twelvemonkeys.imageio.metadata)]
[074月2026 17:52:44.384] [main/INFO] [cpw.mods.modlauncher.LaunchServiceHandler/MODLAUNCHER]: Launching target 'forgedatauserdev' with arguments [--gameDir, ., --assetsDir, D:\gradle-9.2.1\caches\forge_gradle\assets, --assetIndex, 5, --mod, prinegorerouse, --all, --output, D:\mcmod\negorerouse\src\generated\resources, --existing, D:\mcmod\negorerouse\src\main\resources]
[074月2026 17:52:44.453] [main/DEBUG] [mixin/]: Error cleaning class output directory: .mixin.out
[074月2026 17:52:44.455] [main/DEBUG] [mixin/]: Preparing mixins for MixinEnvironment[DEFAULT]
[074月2026 17:52:44.455] [main/DEBUG] [mixin/]: Selecting config prinegorerouse.mixins.json
[074月2026 17:52:44.458] [main/WARN] [mixin/]: Reference map 'prinegorerouse.refmap.json' for prinegorerouse.mixins.json could not be read. If this is a development environment you can ignore this message
[074月2026 17:52:44.459] [main/DEBUG] [mixin/]: Selecting config jade.mixins.json
[074月2026 17:52:44.606] [main/INFO] [mixin/]: Remapping refMap jade.refmap.json using D:\mcmod\negorerouse/build/createSrgToMcp/output.srg
[074月2026 17:52:44.606] [main/DEBUG] [mixin/]: Selecting config yacl.mixins.json
[074月2026 17:52:44.607] [main/INFO] [mixin/]: Remapping refMap yet_another_config_lib_v3.refmap.json using D:\mcmod\negorerouse/build/createSrgToMcp/output.srg
[074月2026 17:52:44.607] [main/DEBUG] [mixin/]: Selecting config slashblade.mixins.json
[074月2026 17:52:44.608] [main/INFO] [mixin/]: Remapping refMap slashblade.refmap.json using D:\mcmod\negorerouse/build/createSrgToMcp/output.srg
[074月2026 17:52:44.608] [main/DEBUG] [mixin/]: Selecting config slashblade.thetwilightforest.mixins.json
[074月2026 17:52:44.621] [main/INFO] [mixin/]: Remapping refMap slashblade.refmap.json using D:\mcmod\negorerouse/build/createSrgToMcp/output.srg
[074月2026 17:52:44.622] [main/DEBUG] [mixin/]: Selecting config slashblade.patchouli.mixins.json
[074月2026 17:52:44.624] [main/INFO] [mixin/]: Remapping refMap slashblade.refmap.json using D:\mcmod\negorerouse/build/createSrgToMcp/output.srg
[074月2026 17:52:44.624] [main/DEBUG] [mixin/]: Selecting config slashblade.emi.mixins.json
[074月2026 17:52:44.626] [main/INFO] [mixin/]: Remapping refMap slashblade.refmap.json using D:\mcmod\negorerouse/build/createSrgToMcp/output.srg
[074月2026 17:52:44.626] [main/DEBUG] [mixin/]: Selecting config slashblade.ar.mixins.json
[074月2026 17:52:44.628] [main/INFO] [mixin/]: Remapping refMap slashblade.refmap.json using D:\mcmod\negorerouse/build/createSrgToMcp/output.srg
[074月2026 17:52:44.628] [main/DEBUG] [mixin/]: Selecting config touhou_little_maid.mixins.json
[074月2026 17:52:44.631] [main/INFO] [mixin/]: Remapping refMap touhou_little_maid.refmap.json using D:\mcmod\negorerouse/build/createSrgToMcp/output.srg
[074月2026 17:52:44.631] [main/DEBUG] [mixin/]: Preparing prinegorerouse.mixins.json (1)
[074月2026 17:52:44.678] [main/DEBUG] [mixin/]: Preparing jade.mixins.json (3)
[074月2026 17:52:44.688] [main/DEBUG] [mixin/]: Preparing yacl.mixins.json (5)
[074月2026 17:52:44.716] [main/DEBUG] [mixin/]: Preparing slashblade.mixins.json (1)
[074月2026 17:52:44.718] [main/DEBUG] [mixin/]: Preparing slashblade.thetwilightforest.mixins.json (1)
[074月2026 17:52:44.719] [main/DEBUG] [mixin/]: Preparing slashblade.patchouli.mixins.json (1)
[074月2026 17:52:44.719] [main/DEBUG] [mixin/]: Preparing slashblade.emi.mixins.json (2)
[074月2026 17:52:44.721] [main/DEBUG] [mixin/]: Preparing slashblade.ar.mixins.json (1)
[074月2026 17:52:44.721] [main/DEBUG] [mixin/]: Preparing touhou_little_maid.mixins.json (22)
[074月2026 17:52:44.763] [main/DEBUG] [net.minecraftforge.coremod.transformer.CoreModBaseTransformer/COREMOD]: Transforming net/minecraft/world/level/levelgen/structure/templatesystem/StructureTemplate
[074月2026 17:52:44.974] [main/DEBUG] [mixin/]: Registering new injector for @Inject with org.spongepowered.asm.mixin.injection.struct.CallbackInjectionInfo
[074月2026 17:52:44.976] [main/DEBUG] [mixin/]: Registering new injector for @ModifyArg with org.spongepowered.asm.mixin.injection.struct.ModifyArgInjectionInfo
[074月2026 17:52:44.977] [main/DEBUG] [mixin/]: Registering new injector for @ModifyArgs with org.spongepowered.asm.mixin.injection.struct.ModifyArgsInjectionInfo
[074月2026 17:52:44.979] [main/DEBUG] [mixin/]: Registering new injector for @Redirect with org.spongepowered.asm.mixin.injection.struct.RedirectInjectionInfo
[074月2026 17:52:44.981] [main/DEBUG] [mixin/]: Registering new injector for @ModifyVariable with org.spongepowered.asm.mixin.injection.struct.ModifyVariableInjectionInfo
[074月2026 17:52:44.982] [main/DEBUG] [mixin/]: Registering new injector for @ModifyConstant with org.spongepowered.asm.mixin.injection.struct.ModifyConstantInjectionInfo
[074月2026 17:52:44.999] [main/DEBUG] [mixin/]: Prepared 32 mixins in 0.542 sec (16.9ms avg) (0ms load, 0ms transform, 0ms plugin)
[074月2026 17:52:45.092] [main/DEBUG] [io.netty.util.internal.logging.InternalLoggerFactory/]: Using SLF4J as the default logging framework
[074月2026 17:52:45.095] [main/DEBUG] [io.netty.util.ResourceLeakDetector/]: -Dio.netty.leakDetection.level: simple
[074月2026 17:52:45.095] [main/DEBUG] [io.netty.util.ResourceLeakDetector/]: -Dio.netty.leakDetection.targetRecords: 4
[074月2026 17:52:45.221] [main/INFO] [net.minecraftforge.data.loading.DatagenModLoader/]: Initializing Data Gatherer for mods [prinegorerouse]
[074月2026 17:52:45.302] [main/DEBUG] [mixin/]: Mixing BlockBurningCache from touhou_little_maid.mixins.json into net.minecraft.world.level.block.Block
[074月2026 17:52:45.338] [main/DEBUG] [mixin/]: Mixing MixinBlockBehaviour from slashblade.mixins.json into net.minecraft.world.level.block.state.BlockBehaviour$BlockStateBase
[074月2026 17:52:45.345] [main/DEBUG] [net.minecraftforge.coremod.transformer.CoreModBaseTransformer/COREMOD]: Transforming net/minecraft/world/item/ItemStack
[074月2026 17:52:45.468] [main/DEBUG] [mixin/]: Mixing EntityMixin from touhou_little_maid.mixins.json into net.minecraft.world.entity.Entity
[074月2026 17:52:45.494] [main/DEBUG] [mixin/]: Mixing accessor.EntityAccessor from touhou_little_maid.mixins.json into net.minecraft.world.entity.Entity
[074月2026 17:52:45.549] [main/DEBUG] [mixin/]: Mixing accessor.LivingEntityAccessor from touhou_little_maid.mixins.json into net.minecraft.world.entity.LivingEntity
[074月2026 17:52:45.601] [main/DEBUG] [mixin/]: Mixing PlayerMixin from touhou_little_maid.mixins.json into net.minecraft.world.entity.player.Player
[074月2026 17:52:45.668] [main/DEBUG] [net.minecraftforge.coremod.transformer.CoreModBaseTransformer/COREMOD]: Transforming net/minecraft/world/entity/EntityType
[074月2026 17:52:45.897] [main/DEBUG] [net.minecraftforge.coremod.transformer.CoreModBaseTransformer/COREMOD]: Transforming net/minecraft/world/level/block/LiquidBlock
[074月2026 17:52:45.921] [main/DEBUG] [net.minecraftforge.coremod.transformer.CoreModBaseTransformer/COREMOD]: Transforming net/minecraft/world/level/block/StairBlock
[074月2026 17:52:45.928] [main/DEBUG] [mixin/]: Mixing accessor.CropBlockAccessor from touhou_little_maid.mixins.json into net.minecraft.world.level.block.CropBlock
[074月2026 17:52:45.962] [main/DEBUG] [mixin/]: Mixing accessor.FenceGateBlockAccessor from touhou_little_maid.mixins.json into net.minecraft.world.level.block.FenceGateBlock
[074月2026 17:52:45.978] [main/DEBUG] [net.minecraftforge.coremod.transformer.CoreModBaseTransformer/COREMOD]: Transforming net/minecraft/world/level/block/FlowerPotBlock
[074月2026 17:52:46.015] [main/DEBUG] [mixin/]: Mixing SweetBerryBushBlockMixin from touhou_little_maid.mixins.json into net.minecraft.world.level.block.SweetBerryBushBlock
[074月2026 17:52:46.360] [main/DEBUG] [mixin/]: Mixing ArrowMixin from touhou_little_maid.mixins.json into net.minecraft.world.entity.projectile.AbstractArrow
[074月2026 17:52:46.362] [main/DEBUG] [mixin/]: Mixing accessor.ArrowAccessor from touhou_little_maid.mixins.json into net.minecraft.world.entity.projectile.AbstractArrow
[074月2026 17:52:46.368] [main/DEBUG] [net.minecraftforge.coremod.transformer.CoreModBaseTransformer/COREMOD]: Transforming net/minecraft/world/entity/EntityType
[074月2026 17:52:46.471] [main/DEBUG] [net.minecraftforge.coremod.transformer.CoreModBaseTransformer/COREMOD]: Transforming net/minecraft/world/item/ItemStack
[074月2026 17:52:46.608] [main/DEBUG] [mixin/]: Mixing ConduitBlockEntityMixin from touhou_little_maid.mixins.json into net.minecraft.world.level.block.entity.ConduitBlockEntity
[074月2026 17:52:46.615] [main/DEBUG] [net.minecraftforge.coremod.transformer.CoreModBaseTransformer/COREMOD]: Transforming net/minecraft/world/effect/MobEffectInstance
[074月2026 17:52:46.838] [main/DEBUG] [net.minecraftforge.coremod.transformer.CoreModBaseTransformer/COREMOD]: Transforming net/minecraft/world/entity/animal/frog/Tadpole
[074月2026 17:52:46.869] [main/DEBUG] [net.minecraftforge.coremod.transformer.CoreModBaseTransformer/COREMOD]: Transforming net/minecraft/world/item/BucketItem
[074月2026 17:52:46.946] [main/DEBUG] [mixin/]: Mixing NavigationMixin from touhou_little_maid.mixins.json into net.minecraft.world.entity.ai.navigation.PathNavigation
[074月2026 17:52:47.396] [main/DEBUG] [net.minecraftforge.coremod.transformer.CoreModBaseTransformer/COREMOD]: Transforming net/minecraft/world/entity/monster/Spider
[074月2026 17:52:47.421] [main/DEBUG] [net.minecraftforge.coremod.transformer.CoreModBaseTransformer/COREMOD]: Transforming net/minecraft/world/entity/monster/Zombie
[074月2026 17:52:47.434] [main/DEBUG] [net.minecraftforge.coremod.transformer.CoreModBaseTransformer/COREMOD]: Transforming net/minecraft/world/entity/monster/ZombieVillager
[074月2026 17:52:47.445] [main/DEBUG] [mixin/]: Mixing ThrownTridentMixin from touhou_little_maid.mixins.json into net.minecraft.world.entity.projectile.ThrownTrident
[074月2026 17:52:47.468] [main/DEBUG] [net.minecraftforge.coremod.transformer.CoreModBaseTransformer/COREMOD]: Transforming net/minecraft/world/entity/monster/Evoker$EvokerSummonSpellGoal
[074月2026 17:52:47.551] [main/DEBUG] [net.minecraftforge.coremod.transformer.CoreModBaseTransformer/COREMOD]: Transforming net/minecraft/world/entity/animal/horse/SkeletonTrapGoal
[074月2026 17:52:47.560] [main/DEBUG] [net.minecraftforge.coremod.transformer.CoreModBaseTransformer/COREMOD]: Transforming net/minecraft/world/entity/monster/Strider
[074月2026 17:52:47.620] [main/DEBUG] [net.minecraftforge.coremod.transformer.CoreModBaseTransformer/COREMOD]: Transforming net/minecraft/world/entity/npc/Villager
[074月2026 17:52:47.672] [main/DEBUG] [net.minecraftforge.coremod.transformer.CoreModBaseTransformer/COREMOD]: Transforming net/minecraft/world/effect/MobEffectInstance
[074月2026 17:52:48.007] [main/DEBUG] [net.minecraftforge.coremod.transformer.CoreModBaseTransformer/COREMOD]: Transforming net/minecraft/world/level/levelgen/structure/Structure
[074月2026 17:52:48.035] [main/DEBUG] [net.minecraftforge.coremod.transformer.CoreModBaseTransformer/COREMOD]: Transforming net/minecraft/world/level/levelgen/structure/structures/OceanRuinPieces$OceanRuinPiece
[074月2026 17:52:48.040] [main/DEBUG] [net.minecraftforge.coremod.transformer.CoreModBaseTransformer/COREMOD]: Transforming net/minecraft/world/level/levelgen/structure/structures/SwampHutPiece
[074月2026 17:52:48.045] [main/DEBUG] [net.minecraftforge.coremod.transformer.CoreModBaseTransformer/COREMOD]: Transforming net/minecraft/world/level/levelgen/structure/structures/OceanMonumentPieces$OceanMonumentPiece
[074月2026 17:52:48.055] [main/DEBUG] [net.minecraftforge.coremod.transformer.CoreModBaseTransformer/COREMOD]: Transforming net/minecraft/world/level/levelgen/structure/structures/WoodlandMansionPieces$WoodlandMansionPiece
[074月2026 17:52:48.119] [main/DEBUG] [net.minecraftforge.coremod.transformer.CoreModBaseTransformer/COREMOD]: Transforming net/minecraft/world/level/biome/Biome
[074月2026 17:52:48.242] [main/DEBUG] [net.minecraftforge.registries.GameData/REGISTRIES]: Creating vanilla freeze snapshot
[074月2026 17:52:48.244] [main/DEBUG] [net.minecraftforge.registries.ForgeRegistry/REGISTRIES]: Registry minecraft:block Sync: VANILLA -> ACTIVE
[074月2026 17:52:48.252] [main/DEBUG] [net.minecraftforge.registries.ForgeRegistry/REGISTRIES]: Registry minecraft:fluid Sync: VANILLA -> ACTIVE
[074月2026 17:52:48.252] [main/DEBUG] [net.minecraftforge.registries.ForgeRegistry/REGISTRIES]: Registry minecraft:item Sync: VANILLA -> ACTIVE
[074月2026 17:52:48.258] [main/DEBUG] [net.minecraftforge.registries.ForgeRegistry/REGISTRIES]: Registry minecraft:mob_effect Sync: VANILLA -> ACTIVE
[074月2026 17:52:48.259] [main/DEBUG] [net.minecraftforge.registries.ForgeRegistry/REGISTRIES]: Registry minecraft:sound_event Sync: VANILLA -> ACTIVE
[074月2026 17:52:48.265] [main/DEBUG] [net.minecraftforge.registries.ForgeRegistry/REGISTRIES]: Registry minecraft:potion Sync: VANILLA -> ACTIVE
[074月2026 17:52:48.265] [main/DEBUG] [net.minecraftforge.registries.ForgeRegistry/REGISTRIES]: Registry minecraft:enchantment Sync: VANILLA -> ACTIVE
[074月2026 17:52:48.265] [main/DEBUG] [net.minecraftforge.registries.ForgeRegistry/REGISTRIES]: Registry minecraft:entity_type Sync: VANILLA -> ACTIVE
[074月2026 17:52:48.266] [main/DEBUG] [net.minecraftforge.registries.ForgeRegistry/REGISTRIES]: Registry minecraft:block_entity_type Sync: VANILLA -> ACTIVE
[074月2026 17:52:48.266] [main/DEBUG] [net.minecraftforge.registries.ForgeRegistry/REGISTRIES]: Registry minecraft:particle_type Sync: VANILLA -> ACTIVE
[074月2026 17:52:48.266] [main/DEBUG] [net.minecraftforge.registries.ForgeRegistry/REGISTRIES]: Registry minecraft:menu Sync: VANILLA -> ACTIVE
[074月2026 17:52:48.267] [main/DEBUG] [net.minecraftforge.registries.ForgeRegistry/REGISTRIES]: Registry minecraft:painting_variant Sync: VANILLA -> ACTIVE
[074月2026 17:52:48.267] [main/DEBUG] [net.minecraftforge.registries.ForgeRegistry/REGISTRIES]: Registry minecraft:recipe_type Sync: VANILLA -> ACTIVE
[074月2026 17:52:48.267] [main/DEBUG] [net.minecraftforge.registries.ForgeRegistry/REGISTRIES]: Registry minecraft:recipe_serializer Sync: VANILLA -> ACTIVE
[074月2026 17:52:48.267] [main/DEBUG] [net.minecraftforge.registries.ForgeRegistry/REGISTRIES]: Registry minecraft:attribute Sync: VANILLA -> ACTIVE
[074月2026 17:52:48.267] [main/DEBUG] [net.minecraftforge.registries.ForgeRegistry/REGISTRIES]: Registry minecraft:stat_type Sync: VANILLA -> ACTIVE
[074月2026 17:52:48.267] [main/DEBUG] [net.minecraftforge.registries.ForgeRegistry/REGISTRIES]: Registry minecraft:command_argument_type Sync: VANILLA -> ACTIVE
[074月2026 17:52:48.268] [main/DEBUG] [net.minecraftforge.registries.ForgeRegistry/REGISTRIES]: Registry minecraft:villager_profession Sync: VANILLA -> ACTIVE
[074月2026 17:52:48.268] [main/DEBUG] [net.minecraftforge.registries.ForgeRegistry/REGISTRIES]: Registry minecraft:point_of_interest_type Sync: VANILLA -> ACTIVE
[074月2026 17:52:48.270] [main/DEBUG] [net.minecraftforge.registries.ForgeRegistry/REGISTRIES]: Registry minecraft:memory_module_type Sync: VANILLA -> ACTIVE
[074月2026 17:52:48.270] [main/DEBUG] [net.minecraftforge.registries.ForgeRegistry/REGISTRIES]: Registry minecraft:sensor_type Sync: VANILLA -> ACTIVE
[074月2026 17:52:48.270] [main/DEBUG] [net.minecraftforge.registries.ForgeRegistry/REGISTRIES]: Registry minecraft:schedule Sync: VANILLA -> ACTIVE
[074月2026 17:52:48.270] [main/DEBUG] [net.minecraftforge.registries.ForgeRegistry/REGISTRIES]: Registry minecraft:activity Sync: VANILLA -> ACTIVE
[074月2026 17:52:48.271] [main/DEBUG] [net.minecraftforge.registries.ForgeRegistry/REGISTRIES]: Registry minecraft:worldgen/carver Sync: VANILLA -> ACTIVE
[074月2026 17:52:48.271] [main/DEBUG] [net.minecraftforge.registries.ForgeRegistry/REGISTRIES]: Registry minecraft:worldgen/feature Sync: VANILLA -> ACTIVE
[074月2026 17:52:48.271] [main/DEBUG] [net.minecraftforge.registries.ForgeRegistry/REGISTRIES]: Registry minecraft:chunk_status Sync: VANILLA -> ACTIVE
[074月2026 17:52:48.271] [main/DEBUG] [net.minecraftforge.registries.ForgeRegistry/REGISTRIES]: Registry minecraft:worldgen/block_state_provider_type Sync: VANILLA -> ACTIVE
[074月2026 17:52:48.271] [main/DEBUG] [net.minecraftforge.registries.ForgeRegistry/REGISTRIES]: Registry minecraft:worldgen/foliage_placer_type Sync: VANILLA -> ACTIVE
[074月2026 17:52:48.271] [main/DEBUG] [net.minecraftforge.registries.ForgeRegistry/REGISTRIES]: Registry minecraft:worldgen/tree_decorator_type Sync: VANILLA -> ACTIVE
[074月2026 17:52:48.271] [main/DEBUG] [net.minecraftforge.registries.ForgeRegistry/REGISTRIES]: Registry minecraft:worldgen/biome Sync: VANILLA -> ACTIVE
[074月2026 17:52:48.276] [main/DEBUG] [net.minecraftforge.registries.GameData/REGISTRIES]: Vanilla freeze snapshot created
[074月2026 17:52:48.310] [main/DEBUG] [net.minecraftforge.fml.ModWorkManager/LOADING]: Using 32 threads for parallel mod-loading
[074月2026 17:52:48.322] [main/DEBUG] [net.minecraftforge.fml.javafmlmod.FMLJavaModLanguageProvider/LOADING]: Loading FMLModContainer from classloader cpw.mods.modlauncher.TransformingClassLoader@47e51549 - got cpw.mods.cl.ModuleClassLoader@878537d
[074月2026 17:52:48.323] [main/DEBUG] [net.minecraftforge.fml.javafmlmod.FMLModContainer/LOADING]: Creating FMLModContainer instance for cc.xypp.damage_number.DamageNumber
[074月2026 17:52:48.332] [main/DEBUG] [net.minecraftforge.fml.javafmlmod.FMLJavaModLanguageProvider/LOADING]: Loading FMLModContainer from classloader cpw.mods.modlauncher.TransformingClassLoader@47e51549 - got cpw.mods.cl.ModuleClassLoader@878537d
[074月2026 17:52:48.333] [main/DEBUG] [net.minecraftforge.fml.javafmlmod.FMLModContainer/LOADING]: Creating FMLModContainer instance for snownee.jade.util.CommonProxy
[074月2026 17:52:48.336] [main/DEBUG] [net.minecraftforge.fml.javafmlmod.FMLJavaModLanguageProvider/LOADING]: Loading FMLModContainer from classloader cpw.mods.modlauncher.TransformingClassLoader@47e51549 - got cpw.mods.cl.ModuleClassLoader@878537d
[074月2026 17:52:48.336] [main/DEBUG] [net.minecraftforge.fml.javafmlmod.FMLModContainer/LOADING]: Creating FMLModContainer instance for dev.isxander.yacl3.platform.PlatformEntrypoint
[074月2026 17:52:48.337] [main/DEBUG] [net.minecraftforge.fml.javafmlmod.FMLJavaModLanguageProvider/LOADING]: Loading FMLModContainer from classloader cpw.mods.modlauncher.TransformingClassLoader@47e51549 - got cpw.mods.cl.ModuleClassLoader@878537d
[074月2026 17:52:48.337] [main/DEBUG] [net.minecraftforge.fml.javafmlmod.FMLModContainer/LOADING]: Creating FMLModContainer instance for mezz.jei.forge.JustEnoughItems
[074月2026 17:52:48.338] [main/DEBUG] [net.minecraftforge.fml.javafmlmod.FMLJavaModLanguageProvider/LOADING]: Loading FMLModContainer from classloader cpw.mods.modlauncher.TransformingClassLoader@47e51549 - got cpw.mods.cl.ModuleClassLoader@878537d
[074月2026 17:52:48.338] [main/DEBUG] [net.minecraftforge.fml.javafmlmod.FMLModContainer/LOADING]: Creating FMLModContainer instance for mods.flammpfeil.slashblade.SlashBlade
[074月2026 17:52:48.339] [main/DEBUG] [net.minecraftforge.fml.javafmlmod.FMLJavaModLanguageProvider/LOADING]: Loading FMLModContainer from classloader cpw.mods.modlauncher.TransformingClassLoader@47e51549 - got cpw.mods.cl.ModuleClassLoader@878537d
[074月2026 17:52:48.339] [main/DEBUG] [net.minecraftforge.fml.javafmlmod.FMLModContainer/LOADING]: Creating FMLModContainer instance for net.xianyu.prinegorerouse.prinegorerouse
[074月2026 17:52:48.341] [main/DEBUG] [net.minecraftforge.fml.javafmlmod.FMLJavaModLanguageProvider/LOADING]: Loading FMLModContainer from classloader cpw.mods.modlauncher.TransformingClassLoader@47e51549 - got cpw.mods.cl.ModuleClassLoader@878537d
[074月2026 17:52:48.341] [main/DEBUG] [net.minecraftforge.fml.javafmlmod.FMLModContainer/LOADING]: Creating FMLModContainer instance for net.minecraftforge.common.ForgeMod
[074月2026 17:52:48.345] [main/DEBUG] [net.minecraftforge.fml.javafmlmod.FMLJavaModLanguageProvider/LOADING]: Loading FMLModContainer from classloader cpw.mods.modlauncher.TransformingClassLoader@47e51549 - got cpw.mods.cl.ModuleClassLoader@878537d
[074月2026 17:52:48.345] [main/DEBUG] [net.minecraftforge.fml.javafmlmod.FMLModContainer/LOADING]: Creating FMLModContainer instance for com.github.tartaricacid.touhoulittlemaid.TouhouLittleMaid
[074月2026 17:52:48.387] [modloading-worker-0/DEBUG] [mixin/]: Mixing SwordTypeMixin from prinegorerouse.mixins.json into mods.flammpfeil.slashblade.item.ItemSlashBlade
[074月2026 17:52:48.391] [modloading-worker-0/DEBUG] [mixin/]: Renaming synthetic method lambda$isSpecialBlade$0(Lnet/minecraft/world/item/ItemStack;Ljava/lang/String;)Z to md1adda9$lambda$isSpecialBlade$0$0 in prinegorerouse.mixins.json:SwordTypeMixin
[074月2026 17:52:48.418] [modloading-worker-0/DEBUG] [net.minecraftforge.versions.forge.ForgeVersion/CORE]: Forge Version package package net.minecraftforge.versions.forge, Forge, version 47.3 from cpw.mods.modlauncher.TransformingClassLoader@47e51549
[074月2026 17:52:48.418] [modloading-worker-0/DEBUG] [net.minecraftforge.versions.forge.ForgeVersion/CORE]: Found Forge version 47.3.0
[074月2026 17:52:48.419] [modloading-worker-0/DEBUG] [net.minecraftforge.versions.forge.ForgeVersion/CORE]: Found Forge spec 47.3
[074月2026 17:52:48.419] [modloading-worker-0/DEBUG] [net.minecraftforge.versions.forge.ForgeVersion/CORE]: Found Forge group net.minecraftforge
[074月2026 17:52:48.420] [modloading-worker-0/DEBUG] [net.minecraftforge.versions.mcp.MCPVersion/CORE]: MCP Version package package net.minecraftforge.versions.mcp, Minecraft, version 1.20.1 from cpw.mods.modlauncher.TransformingClassLoader@47e51549
[074月2026 17:52:48.420] [modloading-worker-0/DEBUG] [net.minecraftforge.versions.mcp.MCPVersion/CORE]: Found MC version information 1.20.1
[074月2026 17:52:48.420] [modloading-worker-0/DEBUG] [net.minecraftforge.versions.mcp.MCPVersion/CORE]: Found MCP version information 20230612.114412
[074月2026 17:52:48.420] [modloading-worker-0/INFO] [net.minecraftforge.common.ForgeMod/FORGEMOD]: Forge mod loading, version 47.3.0, for MC 1.20.1 with MCP 20230612.114412
[074月2026 17:52:48.421] [modloading-worker-0/INFO] [net.minecraftforge.common.MinecraftForge/FORGE]: MinecraftForge v47.3.0 Initialized
[074月2026 17:52:48.423] [modloading-worker-0/DEBUG] [net.minecraftforge.fml.config.ConfigTracker/CONFIG]: Config file damage_number-common.toml for damage_number tracking
[074月2026 17:52:48.423] [modloading-worker-0/DEBUG] [net.minecraftforge.fml.config.ConfigTracker/CONFIG]: Config file slashblade-common.toml for slashblade tracking
[074月2026 17:52:48.423] [modloading-worker-0/DEBUG] [net.minecraftforge.fml.config.ConfigTracker/CONFIG]: Config file jei-server.toml for jei tracking
[074月2026 17:52:48.440] [modloading-worker-0/DEBUG] [net.minecraftforge.fml.javafmlmod.AutomaticEventSubscriber/LOADING]: Attempting to inject @EventBusSubscriber classes into the eventbus for damage_number
[074月2026 17:52:48.451] [modloading-worker-0/DEBUG] [net.minecraftforge.fml.javafmlmod.AutomaticEventSubscriber/LOADING]: Auto-subscribing cc.xypp.damage_number.server.ServerEvent$FORGE to FORGE
[074月2026 17:52:48.457] [modloading-worker-0/INFO] [YetAnotherConfigLib/]: Deserializing YACLConfig from 'D:\mcmod\negorerouse\run-data\config\yacl.json5'
[074月2026 17:52:48.461] [modloading-worker-0/DEBUG] [net.minecraftforge.fml.javafmlmod.AutomaticEventSubscriber/LOADING]: Auto-subscribing cc.xypp.damage_number.client.ClientEvent$MC to MOD
[074月2026 17:52:48.475] [modloading-worker-0/DEBUG] [net.minecraftforge.fml.javafmlmod.AutomaticEventSubscriber/LOADING]: Attempting to inject @EventBusSubscriber classes into the eventbus for yet_another_config_lib_v3
[074月2026 17:52:48.486] [modloading-worker-0/DEBUG] [net.minecraftforge.fml.javafmlmod.AutomaticEventSubscriber/LOADING]: Auto-subscribing cc.xypp.damage_number.client.ClientEvent$FM to FORGE
[074月2026 17:52:48.489] [modloading-worker-0/DEBUG] [net.minecraftforge.fml.javafmlmod.AutomaticEventSubscriber/LOADING]: Auto-subscribing cc.xypp.damage_number.Config to MOD
[074月2026 17:52:48.516] [modloading-worker-0/DEBUG] [net.minecraftforge.fml.javafmlmod.AutomaticEventSubscriber/LOADING]: Attempting to inject @EventBusSubscriber classes into the eventbus for jade
[074月2026 17:52:48.526] [modloading-worker-0/DEBUG] [mezz.jei.common.platform.Services/]: Loaded mezz.jei.forge.platform.PlatformHelper@237744a5 for service interface mezz.jei.common.platform.IPlatformHelper
[074月2026 17:52:48.530] [modloading-worker-0/DEBUG] [io.netty.util.internal.PlatformDependent0/]: -Dio.netty.noUnsafe: false
[074月2026 17:52:48.535] [modloading-worker-0/DEBUG] [io.netty.util.internal.PlatformDependent0/]: Java version: 17
[074月2026 17:52:48.536] [modloading-worker-0/DEBUG] [io.netty.util.internal.PlatformDependent0/]: sun.misc.Unsafe.theUnsafe: available
[074月2026 17:52:48.537] [modloading-worker-0/DEBUG] [io.netty.util.internal.PlatformDependent0/]: sun.misc.Unsafe.copyMemory: available
[074月2026 17:52:48.538] [modloading-worker-0/DEBUG] [io.netty.util.internal.PlatformDependent0/]: sun.misc.Unsafe.storeFence: available
[074月2026 17:52:48.539] [modloading-worker-0/DEBUG] [io.netty.util.internal.PlatformDependent0/]: java.nio.Buffer.address: available
[074月2026 17:52:48.540] [modloading-worker-0/DEBUG] [io.netty.util.internal.PlatformDependent0/]: direct buffer constructor: unavailable
java.lang.UnsupportedOperationException: Reflective setAccessible(true) disabled
	at io.netty.util.internal.ReflectionUtil.trySetAccessible(ReflectionUtil.java:31) ~[netty-common-4.1.82.Final.jar%23151!/:4.1.82.Final]
	at io.netty.util.internal.PlatformDependent0$5.run(PlatformDependent0.java:288) ~[netty-common-4.1.82.Final.jar%23151!/:4.1.82.Final]
	at java.security.AccessController.doPrivileged(AccessController.java:318) ~[?:?]
	at io.netty.util.internal.PlatformDependent0.<clinit>(PlatformDependent0.java:282) ~[netty-common-4.1.82.Final.jar%23151!/:4.1.82.Final]
	at io.netty.util.internal.PlatformDependent.isAndroid(PlatformDependent.java:333) ~[netty-common-4.1.82.Final.jar%23151!/:4.1.82.Final]
	at io.netty.util.internal.PlatformDependent.<clinit>(PlatformDependent.java:88) ~[netty-common-4.1.82.Final.jar%23151!/:4.1.82.Final]
	at io.netty.util.ConstantPool.<init>(ConstantPool.java:34) ~[netty-common-4.1.82.Final.jar%23151!/:4.1.82.Final]
	at io.netty.util.AttributeKey$1.<init>(AttributeKey.java:27) ~[netty-common-4.1.82.Final.jar%23151!/:4.1.82.Final]
	at io.netty.util.AttributeKey.<clinit>(AttributeKey.java:27) ~[netty-common-4.1.82.Final.jar%23151!/:4.1.82.Final]
	at net.minecraftforge.network.NetworkConstants.<clinit>(NetworkConstants.java:34) ~[forge-1.20.1-47.3.0_mapped_parchment_2023.09.03-1.20.1.jar%23190%23197!/:?]
	at net.minecraftforge.common.ForgeMod.<init>(ForgeMod.java:429) ~[forge-1.20.1-47.3.0_mapped_parchment_2023.09.03-1.20.1.jar%23190%23197!/:?]
	at jdk.internal.reflect.NativeConstructorAccessorImpl.newInstance0(Native Method) ~[?:?]
	at jdk.internal.reflect.NativeConstructorAccessorImpl.newInstance(NativeConstructorAccessorImpl.java:77) ~[?:?]
	at jdk.internal.reflect.DelegatingConstructorAccessorImpl.newInstance(DelegatingConstructorAccessorImpl.java:45) ~[?:?]
	at java.lang.reflect.Constructor.newInstanceWithCaller(Constructor.java:500) ~[?:?]
	at java.lang.reflect.Constructor.newInstance(Constructor.java:481) ~[?:?]
	at net.minecraftforge.fml.javafmlmod.FMLModContainer.constructMod(FMLModContainer.java:70) ~[javafmllanguage-1.20.1-47.3.0.jar%23192!/:?]
	at net.minecraftforge.fml.ModContainer.lambda$buildTransitionHandler$4(ModContainer.java:124) ~[fmlcore-1.20.1-47.3.0.jar%23195!/:?]
	at java.util.concurrent.CompletableFuture$AsyncRun.run(CompletableFuture.java:1804) ~[?:?]
	at java.util.concurrent.CompletableFuture$AsyncRun.exec(CompletableFuture.java:1796) ~[?:?]
	at java.util.concurrent.ForkJoinTask.doExec(ForkJoinTask.java:373) ~[?:?]
	at java.util.concurrent.ForkJoinPool$WorkQueue.topLevelExec(ForkJoinPool.java:1182) ~[?:?]
	at java.util.concurrent.ForkJoinPool.scan(ForkJoinPool.java:1655) ~[?:?]
	at java.util.concurrent.ForkJoinPool.runWorker(ForkJoinPool.java:1622) ~[?:?]
	at java.util.concurrent.ForkJoinWorkerThread.run(ForkJoinWorkerThread.java:165) ~[?:?]
[074月2026 17:52:48.560] [modloading-worker-0/DEBUG] [io.netty.util.internal.PlatformDependent0/]: java.nio.Bits.unaligned: available, true
[074月2026 17:52:48.562] [modloading-worker-0/DEBUG] [io.netty.util.internal.PlatformDependent0/]: jdk.internal.misc.Unsafe.allocateUninitializedArray(int): unavailable
java.lang.IllegalAccessException: class io.netty.util.internal.PlatformDependent0$7 (in module io.netty.common) cannot access class jdk.internal.misc.Unsafe (in module java.base) because module java.base does not export jdk.internal.misc to module io.netty.common
	at jdk.internal.reflect.Reflection.newIllegalAccessException(Reflection.java:392) ~[?:?]
	at java.lang.reflect.AccessibleObject.checkAccess(AccessibleObject.java:674) ~[?:?]
	at java.lang.reflect.Method.invoke(Method.java:561) ~[?:?]
	at io.netty.util.internal.PlatformDependent0$7.run(PlatformDependent0.java:410) ~[netty-common-4.1.82.Final.jar%23151!/:4.1.82.Final]
	at java.security.AccessController.doPrivileged(AccessController.java:318) ~[?:?]
	at io.netty.util.internal.PlatformDependent0.<clinit>(PlatformDependent0.java:401) ~[netty-common-4.1.82.Final.jar%23151!/:4.1.82.Final]
	at io.netty.util.internal.PlatformDependent.isAndroid(PlatformDependent.java:333) ~[netty-common-4.1.82.Final.jar%23151!/:4.1.82.Final]
	at io.netty.util.internal.PlatformDependent.<clinit>(PlatformDependent.java:88) ~[netty-common-4.1.82.Final.jar%23151!/:4.1.82.Final]
	at io.netty.util.ConstantPool.<init>(ConstantPool.java:34) ~[netty-common-4.1.82.Final.jar%23151!/:4.1.82.Final]
	at io.netty.util.AttributeKey$1.<init>(AttributeKey.java:27) ~[netty-common-4.1.82.Final.jar%23151!/:4.1.82.Final]
	at io.netty.util.AttributeKey.<clinit>(AttributeKey.java:27) ~[netty-common-4.1.82.Final.jar%23151!/:4.1.82.Final]
	at net.minecraftforge.network.NetworkConstants.<clinit>(NetworkConstants.java:34) ~[forge-1.20.1-47.3.0_mapped_parchment_2023.09.03-1.20.1.jar%23190%23197!/:?]
	at net.minecraftforge.common.ForgeMod.<init>(ForgeMod.java:429) ~[forge-1.20.1-47.3.0_mapped_parchment_2023.09.03-1.20.1.jar%23190%23197!/:?]
	at jdk.internal.reflect.NativeConstructorAccessorImpl.newInstance0(Native Method) ~[?:?]
	at jdk.internal.reflect.NativeConstructorAccessorImpl.newInstance(NativeConstructorAccessorImpl.java:77) ~[?:?]
	at jdk.internal.reflect.DelegatingConstructorAccessorImpl.newInstance(DelegatingConstructorAccessorImpl.java:45) ~[?:?]
	at java.lang.reflect.Constructor.newInstanceWithCaller(Constructor.java:500) ~[?:?]
	at java.lang.reflect.Constructor.newInstance(Constructor.java:481) ~[?:?]
	at net.minecraftforge.fml.javafmlmod.FMLModContainer.constructMod(FMLModContainer.java:70) ~[javafmllanguage-1.20.1-47.3.0.jar%23192!/:?]
	at net.minecraftforge.fml.ModContainer.lambda$buildTransitionHandler$4(ModContainer.java:124) ~[fmlcore-1.20.1-47.3.0.jar%23195!/:?]
	at java.util.concurrent.CompletableFuture$AsyncRun.run(CompletableFuture.java:1804) ~[?:?]
	at java.util.concurrent.CompletableFuture$AsyncRun.exec(CompletableFuture.java:1796) ~[?:?]
	at java.util.concurrent.ForkJoinTask.doExec(ForkJoinTask.java:373) ~[?:?]
	at java.util.concurrent.ForkJoinPool$WorkQueue.topLevelExec(ForkJoinPool.java:1182) ~[?:?]
	at java.util.concurrent.ForkJoinPool.scan(ForkJoinPool.java:1655) ~[?:?]
	at java.util.concurrent.ForkJoinPool.runWorker(ForkJoinPool.java:1622) ~[?:?]
	at java.util.concurrent.ForkJoinWorkerThread.run(ForkJoinWorkerThread.java:165) ~[?:?]
[074月2026 17:52:48.582] [modloading-worker-0/DEBUG] [io.netty.util.internal.PlatformDependent0/]: java.nio.DirectByteBuffer.<init>(long, int): unavailable
[074月2026 17:52:48.582] [modloading-worker-0/DEBUG] [io.netty.util.internal.PlatformDependent/]: sun.misc.Unsafe: available
[074月2026 17:52:48.583] [modloading-worker-0/DEBUG] [io.netty.util.internal.PlatformDependent/]: maxDirectMemory: 32178700288 bytes (maybe)
[074月2026 17:52:48.584] [modloading-worker-0/DEBUG] [io.netty.util.internal.PlatformDependent/]: -Dio.netty.tmpdir: C:\Users\jasperk\AppData\Local\Temp (java.io.tmpdir)
[074月2026 17:52:48.584] [modloading-worker-0/DEBUG] [io.netty.util.internal.PlatformDependent/]: -Dio.netty.bitMode: 64 (sun.arch.data.model)
[074月2026 17:52:48.584] [modloading-worker-0/DEBUG] [io.netty.util.internal.PlatformDependent/]: Platform: Windows
[074月2026 17:52:48.584] [modloading-worker-0/DEBUG] [net.minecraftforge.fml.config.ConfigTracker/CONFIG]: Config file prinegorerouse-common.toml for prinegorerouse tracking
[074月2026 17:52:48.585] [modloading-worker-0/DEBUG] [io.netty.util.internal.PlatformDependent/]: -Dio.netty.maxDirectMemory: -1 bytes
[074月2026 17:52:48.586] [modloading-worker-0/DEBUG] [io.netty.util.internal.PlatformDependent/]: -Dio.netty.uninitializedArrayAllocationThreshold: -1
[074月2026 17:52:48.587] [modloading-worker-0/DEBUG] [mixin/]: Mixing MinecraftMixin from yacl.mixins.json into net.minecraft.client.Minecraft
[074月2026 17:52:48.587] [modloading-worker-0/DEBUG] [io.netty.util.internal.CleanerJava9/]: java.nio.ByteBuffer.cleaner(): available
[074月2026 17:52:48.588] [modloading-worker-0/DEBUG] [io.netty.util.internal.PlatformDependent/]: -Dio.netty.noPreferDirect: false
[074月2026 17:52:48.601] [modloading-worker-0/INFO] [net.xianyu.prinegorerouse.data.WeaponSystem/]: 已更新所有武器的实时合成要求，共12种武器
[074月2026 17:52:48.602] [modloading-worker-0/DEBUG] [net.minecraftforge.fml.javafmlmod.AutomaticEventSubscriber/LOADING]: Attempting to inject @EventBusSubscriber classes into the eventbus for prinegorerouse
[074月2026 17:52:48.602] [modloading-worker-0/DEBUG] [net.minecraftforge.fml.javafmlmod.AutomaticEventSubscriber/LOADING]: Auto-subscribing net.xianyu.prinegorerouse.client.AutoEnergyLogger to FORGE
[074月2026 17:52:48.604] [modloading-worker-0/DEBUG] [net.minecraftforge.fml.javafmlmod.AutomaticEventSubscriber/LOADING]: Auto-subscribing net.xianyu.prinegorerouse.client.NRClient to MOD
[074月2026 17:52:48.606] [modloading-worker-0/DEBUG] [net.minecraftforge.fml.javafmlmod.AutomaticEventSubscriber/LOADING]: Auto-subscribing net.xianyu.prinegorerouse.client.renderer.bar.BladeEnergyBarRenderer to FORGE
[074月2026 17:52:48.619] [modloading-worker-0/DEBUG] [mixin/]: Mixing FontMixin from jade.mixins.json into net.minecraft.client.gui.Font
[074月2026 17:52:48.619] [modloading-worker-0/DEBUG] [mixin/]: jade.mixins.json:FontMixin: Class version 61 required is higher than the class version supported by the current version of Mixin (JAVA_16 supports class version 60)
[074月2026 17:52:48.660] [modloading-worker-0/DEBUG] [net.minecraftforge.fml.javafmlmod.AutomaticEventSubscriber/LOADING]: Auto-subscribing net.xianyu.prinegorerouse.data.DataGen to MOD
[074月2026 17:52:48.666] [modloading-worker-0/DEBUG] [net.minecraftforge.fml.javafmlmod.AutomaticEventSubscriber/LOADING]: Auto-subscribing net.xianyu.prinegorerouse.event.BladeCraftEvent to FORGE
[074月2026 17:52:48.669] [modloading-worker-0/DEBUG] [net.minecraftforge.fml.javafmlmod.AutomaticEventSubscriber/LOADING]: Auto-subscribing net.xianyu.prinegorerouse.event.BladeStandEventHandler to FORGE
[074月2026 17:52:48.678] [modloading-worker-0/DEBUG] [net.minecraftforge.fml.javafmlmod.AutomaticEventSubscriber/LOADING]: Auto-subscribing net.xianyu.prinegorerouse.event.NRCommands to FORGE
[074月2026 17:52:48.679] [modloading-worker-0/DEBUG] [net.minecraftforge.fml.javafmlmod.AutomaticEventSubscriber/LOADING]: Auto-subscribing net.xianyu.prinegorerouse.prinegorerouse$ClientModEvents to MOD
[074月2026 17:52:48.681] [modloading-worker-0/DEBUG] [net.minecraftforge.fml.javafmlmod.AutomaticEventSubscriber/LOADING]: Auto-subscribing net.xianyu.prinegorerouse.prinegorerouse$RegistryEvents to MOD
[074月2026 17:52:48.682] [modloading-worker-0/DEBUG] [net.minecraftforge.fml.javafmlmod.AutomaticEventSubscriber/LOADING]: Auto-subscribing net.xianyu.prinegorerouse.specialattack.BlackHoleAttack to FORGE
[074月2026 17:52:48.685] [modloading-worker-0/DEBUG] [net.minecraftforge.common.ForgeMod/FORGEMOD]: Loading Network data for FML net version: FML3
[074月2026 17:52:48.686] [modloading-worker-0/DEBUG] [net.minecraftforge.fml.javafmlmod.AutomaticEventSubscriber/LOADING]: Auto-subscribing net.xianyu.prinegorerouse.specialeffect.AbsolutePower to FORGE
[074月2026 17:52:48.688] [modloading-worker-0/DEBUG] [net.minecraftforge.fml.javafmlmod.AutomaticEventSubscriber/LOADING]: Auto-subscribing net.xianyu.prinegorerouse.specialeffect.Back to FORGE
[074月2026 17:52:48.690] [modloading-worker-0/DEBUG] [net.minecraftforge.fml.javafmlmod.AutomaticEventSubscriber/LOADING]: Auto-subscribing net.xianyu.prinegorerouse.specialeffect.Clear to FORGE
[074月2026 17:52:48.691] [modloading-worker-0/DEBUG] [net.minecraftforge.fml.javafmlmod.AutomaticEventSubscriber/LOADING]: Auto-subscribing net.xianyu.prinegorerouse.specialeffect.Empty to FORGE
[074月2026 17:52:48.691] [modloading-worker-0/DEBUG] [net.minecraftforge.fml.javafmlmod.AutomaticEventSubscriber/LOADING]: Auto-subscribing net.xianyu.prinegorerouse.specialeffect.Eternity to FORGE
[074月2026 17:52:48.692] [modloading-worker-0/DEBUG] [net.minecraftforge.fml.javafmlmod.AutomaticEventSubscriber/LOADING]: Auto-subscribing net.xianyu.prinegorerouse.specialeffect.Fate to FORGE
[074月2026 17:52:48.693] [modloading-worker-0/DEBUG] [net.minecraftforge.fml.javafmlmod.AutomaticEventSubscriber/LOADING]: Auto-subscribing net.xianyu.prinegorerouse.specialeffect.Oracle to FORGE
[074月2026 17:52:48.694] [modloading-worker-0/DEBUG] [net.minecraftforge.fml.javafmlmod.AutomaticEventSubscriber/LOADING]: Auto-subscribing net.xianyu.prinegorerouse.specialeffect.Phantom to FORGE
[074月2026 17:52:48.694] [modloading-worker-0/DEBUG] [net.minecraftforge.fml.javafmlmod.AutomaticEventSubscriber/LOADING]: Auto-subscribing net.xianyu.prinegorerouse.specialeffect.Porgatory to FORGE
[074月2026 17:52:48.695] [modloading-worker-0/DEBUG] [net.minecraftforge.fml.javafmlmod.AutomaticEventSubscriber/LOADING]: Auto-subscribing net.xianyu.prinegorerouse.specialeffect.ReversePower to FORGE
[074月2026 17:52:48.720] [modloading-worker-0/DEBUG] [net.minecraftforge.fml.config.ConfigTracker/CONFIG]: Config file forge-client.toml for forge tracking
[074月2026 17:52:48.720] [modloading-worker-0/DEBUG] [net.minecraftforge.fml.config.ConfigTracker/CONFIG]: Config file forge-server.toml for forge tracking
[074月2026 17:52:48.720] [modloading-worker-0/DEBUG] [net.minecraftforge.fml.ModLoadingContext/]: Attempted to register an empty config for type COMMON on mod forge
[074月2026 17:52:48.743] [modloading-worker-0/DEBUG] [net.minecraftforge.fml.javafmlmod.AutomaticEventSubscriber/LOADING]: Attempting to inject @EventBusSubscriber classes into the eventbus for forge
[074月2026 17:52:48.743] [modloading-worker-0/DEBUG] [net.minecraftforge.fml.javafmlmod.AutomaticEventSubscriber/LOADING]: Auto-subscribing net.minecraftforge.common.ForgeSpawnEggItem$CommonHandler to MOD
[074月2026 17:52:48.745] [modloading-worker-0/DEBUG] [net.minecraftforge.fml.javafmlmod.AutomaticEventSubscriber/LOADING]: Auto-subscribing net.minecraftforge.common.ForgeSpawnEggItem$ColorRegisterHandler to MOD
[074月2026 17:52:48.751] [modloading-worker-0/DEBUG] [net.minecraftforge.fml.javafmlmod.AutomaticEventSubscriber/LOADING]: Auto-subscribing net.minecraftforge.client.model.data.ModelDataManager to FORGE
[074月2026 17:52:48.755] [modloading-worker-0/DEBUG] [net.minecraftforge.fml.javafmlmod.AutomaticEventSubscriber/LOADING]: Auto-subscribing net.minecraftforge.client.ForgeHooksClient$ClientEvents to MOD
[074月2026 17:52:48.773] [modloading-worker-0/DEBUG] [net.minecraftforge.fml.javafmlmod.AutomaticEventSubscriber/LOADING]: Auto-subscribing net.minecraftforge.client.ClientForgeMod to MOD
[074月2026 17:52:48.774] [modloading-worker-0/DEBUG] [mezz.jei.common.config.file.ConfigSerializer/]: Loading config file: D:\mcmod\negorerouse\run-data\config\jei\jei-debug.ini
[074月2026 17:52:48.777] [modloading-worker-0/DEBUG] [mezz.jei.common.config.file.ConfigSerializer/]: Saving config file: D:\mcmod\negorerouse\run-data\config\jei\jei-debug.ini
[074月2026 17:52:48.786] [modloading-worker-0/DEBUG] [mezz.jei.common.config.file.ConfigSerializer/]: Loading config file: D:\mcmod\negorerouse\run-data\config\jei\jei-mod-id-format.ini
[074月2026 17:52:48.787] [modloading-worker-0/DEBUG] [mezz.jei.common.config.file.ConfigSerializer/]: Saving config file: D:\mcmod\negorerouse\run-data\config\jei\jei-mod-id-format.ini
[074月2026 17:52:48.793] [modloading-worker-0/DEBUG] [mezz.jei.common.config.file.ConfigSerializer/]: Loading config file: D:\mcmod\negorerouse\run-data\config\jei\jei-colors.ini
[074月2026 17:52:48.795] [modloading-worker-0/DEBUG] [mezz.jei.common.config.file.ConfigSerializer/]: Saving config file: D:\mcmod\negorerouse\run-data\config\jei\jei-colors.ini
[074月2026 17:52:48.804] [modloading-worker-0/DEBUG] [net.minecraftforge.fml.javafmlmod.AutomaticEventSubscriber/LOADING]: Attempting to inject @EventBusSubscriber classes into the eventbus for slashblade
[074月2026 17:52:48.805] [modloading-worker-0/DEBUG] [net.minecraftforge.fml.javafmlmod.AutomaticEventSubscriber/LOADING]: Auto-subscribing mods.flammpfeil.slashblade.registry.specialeffects.WitherEdge to FORGE
[074月2026 17:52:48.806] [modloading-worker-0/DEBUG] [net.minecraftforge.fml.javafmlmod.AutomaticEventSubscriber/LOADING]: Auto-subscribing mods.flammpfeil.slashblade.event.handler.SlashBladeEventHandler to FORGE
[074月2026 17:52:48.809] [modloading-worker-0/DEBUG] [mezz.jei.common.config.file.ConfigSerializer/]: Loading config file: D:\mcmod\negorerouse\run-data\config\jei\jei-client.ini
[074月2026 17:52:48.810] [modloading-worker-0/DEBUG] [net.minecraftforge.fml.javafmlmod.AutomaticEventSubscriber/LOADING]: Auto-subscribing mods.flammpfeil.slashblade.event.handler.RegistryHandler to MOD
[074月2026 17:52:48.811] [modloading-worker-0/DEBUG] [mezz.jei.common.config.file.ConfigSerializer/]: Saving config file: D:\mcmod\negorerouse\run-data\config\jei\jei-client.ini
[074月2026 17:52:48.812] [modloading-worker-0/DEBUG] [net.minecraftforge.fml.javafmlmod.AutomaticEventSubscriber/LOADING]: Auto-subscribing mods.flammpfeil.slashblade.event.handler.MoveInputHandler to FORGE
[074月2026 17:52:48.817] [modloading-worker-0/DEBUG] [net.minecraftforge.fml.config.ConfigTracker/CONFIG]: Config file touhou_little_maid-common.toml for touhou_little_maid tracking
[074月2026 17:52:48.818] [modloading-worker-0/INFO] [mezz.jei.library.load.PluginCaller/]: Sending ConfigManager...
[074月2026 17:52:48.819] [modloading-worker-0/DEBUG] [net.minecraftforge.fml.config.ConfigTracker/CONFIG]: Config file touhou_little_maid-server.toml for touhou_little_maid tracking
[074月2026 17:52:48.820] [modloading-worker-0/INFO] [touhou_little_maid/]: common default pack init start...
[074月2026 17:52:48.823] [modloading-worker-0/DEBUG] [net.minecraftforge.fml.javafmlmod.AutomaticEventSubscriber/LOADING]: Auto-subscribing mods.flammpfeil.slashblade.event.handler.EntitySpawnEventHandler to FORGE
[074月2026 17:52:48.823] [modloading-worker-0/DEBUG] [mezz.jei.library.load.PluginCallerTimerRunnable/]: Sending ConfigManager: jei:minecraft...
[074月2026 17:52:48.824] [modloading-worker-0/DEBUG] [mezz.jei.library.load.PluginCallerTimerRunnable/]: Sending ConfigManager: jade:main...
[074月2026 17:52:48.824] [modloading-worker-0/DEBUG] [mezz.jei.library.load.PluginCallerTimerRunnable/]: Sending ConfigManager: jei:debug...
[074月2026 17:52:48.824] [modloading-worker-0/DEBUG] [mezz.jei.library.load.PluginCallerTimerRunnable/]: Sending ConfigManager: jei:gui...
[074月2026 17:52:48.824] [modloading-worker-0/DEBUG] [mezz.jei.library.load.PluginCallerTimerRunnable/]: Sending ConfigManager: jei:forge_gui...
[074月2026 17:52:48.824] [modloading-worker-0/DEBUG] [mezz.jei.library.load.PluginCallerTimerRunnable/]: Sending ConfigManager: slashblade:slashblade...
[074月2026 17:52:48.824] [modloading-worker-0/DEBUG] [mezz.jei.library.load.PluginCallerTimerRunnable/]: Sending ConfigManager: touhou_little_maid:jei...
[074月2026 17:52:48.824] [modloading-worker-0/DEBUG] [mezz.jei.library.load.PluginCallerTimerRunnable/]: Sending ConfigManager: jei:internal...
[074月2026 17:52:48.826] [modloading-worker-0/INFO] [mezz.jei.library.load.PluginCaller/]: Sending ConfigManager took 4.006 ms
[074月2026 17:52:48.829] [modloading-worker-0/DEBUG] [net.minecraftforge.fml.javafmlmod.AutomaticEventSubscriber/LOADING]: Auto-subscribing mods.flammpfeil.slashblade.event.drop.EntityDropEvent to FORGE
[074月2026 17:52:48.832] [modloading-worker-0/DEBUG] [net.minecraftforge.fml.javafmlmod.AutomaticEventSubscriber/LOADING]: Auto-subscribing mods.flammpfeil.slashblade.event.bladestand.BlandStandEventHandler to FORGE
[074月2026 17:52:48.832] [modloading-worker-0/DEBUG] [net.minecraftforge.fml.javafmlmod.AutomaticEventSubscriber/LOADING]: Attempting to inject @EventBusSubscriber classes into the eventbus for jei
[074月2026 17:52:48.840] [modloading-worker-0/DEBUG] [net.minecraftforge.fml.javafmlmod.AutomaticEventSubscriber/LOADING]: Auto-subscribing mods.flammpfeil.slashblade.data.DataGen to MOD
[074月2026 17:52:48.841] [modloading-worker-0/DEBUG] [net.minecraftforge.fml.javafmlmod.AutomaticEventSubscriber/LOADING]: Auto-subscribing mods.flammpfeil.slashblade.client.renderer.event.PreloadedModelEvent to MOD
[074月2026 17:52:48.842] [modloading-worker-0/DEBUG] [net.minecraftforge.fml.javafmlmod.AutomaticEventSubscriber/LOADING]: Auto-subscribing mods.flammpfeil.slashblade.client.ClientHandler to MOD
[074月2026 17:52:48.845] [modloading-worker-0/DEBUG] [mixin/]: Mixing client.LivingEntityRendererMixin from touhou_little_maid.mixins.json into net.minecraft.client.renderer.entity.LivingEntityRenderer
[074月2026 17:52:48.859] [modloading-worker-0/DEBUG] [net.minecraftforge.fml.javafmlmod.AutomaticEventSubscriber/LOADING]: Auto-subscribing mods.flammpfeil.slashblade.SlashBlade$RegistryEvents to MOD
[074月2026 17:52:49.524] [modloading-worker-0/INFO] [touhou_little_maid/]: common default pack init finished, cost time: 699.375 ms
[074月2026 17:52:49.525] [modloading-worker-0/DEBUG] [net.minecraftforge.fml.javafmlmod.AutomaticEventSubscriber/LOADING]: Attempting to inject @EventBusSubscriber classes into the eventbus for touhou_little_maid
[074月2026 17:52:49.525] [modloading-worker-0/DEBUG] [net.minecraftforge.fml.javafmlmod.AutomaticEventSubscriber/LOADING]: Auto-subscribing com.github.tartaricacid.touhoulittlemaid.util.EntityCacheUtil to FORGE
[074月2026 17:52:49.526] [modloading-worker-0/DEBUG] [net.minecraftforge.fml.javafmlmod.AutomaticEventSubscriber/LOADING]: Auto-subscribing com.github.tartaricacid.touhoulittlemaid.item.ItemSubstituteJizo to FORGE
[074月2026 17:52:49.529] [modloading-worker-0/DEBUG] [net.minecraftforge.fml.javafmlmod.AutomaticEventSubscriber/LOADING]: Auto-subscribing com.github.tartaricacid.touhoulittlemaid.init.registry.MobSpawnInfoRegistry to FORGE
[074月2026 17:52:49.531] [modloading-worker-0/DEBUG] [net.minecraftforge.fml.javafmlmod.AutomaticEventSubscriber/LOADING]: Auto-subscribing com.github.tartaricacid.touhoulittlemaid.init.registry.DatapackRegistry to FORGE
[074月2026 17:52:49.531] [modloading-worker-0/DEBUG] [net.minecraftforge.fml.javafmlmod.AutomaticEventSubscriber/LOADING]: Auto-subscribing com.github.tartaricacid.touhoulittlemaid.init.registry.CompatRegistry to MOD
[074月2026 17:52:49.531] [modloading-worker-0/DEBUG] [net.minecraftforge.fml.javafmlmod.AutomaticEventSubscriber/LOADING]: Auto-subscribing com.github.tartaricacid.touhoulittlemaid.init.registry.CommonRegistry to MOD
[074月2026 17:52:49.532] [modloading-worker-0/DEBUG] [net.minecraftforge.fml.javafmlmod.AutomaticEventSubscriber/LOADING]: Auto-subscribing com.github.tartaricacid.touhoulittlemaid.init.registry.CommandRegistry to FORGE
[074月2026 17:52:49.533] [modloading-worker-0/DEBUG] [net.minecraftforge.fml.javafmlmod.AutomaticEventSubscriber/LOADING]: Auto-subscribing com.github.tartaricacid.touhoulittlemaid.init.registry.CapabilityRegistry to MOD
[074月2026 17:52:49.533] [modloading-worker-0/DEBUG] [net.minecraftforge.fml.javafmlmod.AutomaticEventSubscriber/LOADING]: Auto-subscribing com.github.tartaricacid.touhoulittlemaid.init.InitRecipes to MOD
[074月2026 17:52:49.533] [modloading-worker-0/DEBUG] [net.minecraftforge.fml.javafmlmod.AutomaticEventSubscriber/LOADING]: Auto-subscribing com.github.tartaricacid.touhoulittlemaid.init.InitLootModifier to MOD
[074月2026 17:52:49.533] [modloading-worker-0/DEBUG] [net.minecraftforge.fml.javafmlmod.AutomaticEventSubscriber/LOADING]: Auto-subscribing com.github.tartaricacid.touhoulittlemaid.init.InitEntities to MOD
[074月2026 17:52:49.534] [modloading-worker-0/DEBUG] [net.minecraftforge.fml.javafmlmod.AutomaticEventSubscriber/LOADING]: Auto-subscribing com.github.tartaricacid.touhoulittlemaid.event.maid.UseNameTagEvent to FORGE
[074月2026 17:52:49.536] [modloading-worker-0/DEBUG] [net.minecraftforge.fml.javafmlmod.AutomaticEventSubscriber/LOADING]: Auto-subscribing com.github.tartaricacid.touhoulittlemaid.event.maid.UseFavorabilityToolEvent to FORGE
[074月2026 17:52:49.536] [modloading-worker-0/DEBUG] [net.minecraftforge.fml.javafmlmod.AutomaticEventSubscriber/LOADING]: Auto-subscribing com.github.tartaricacid.touhoulittlemaid.event.maid.SwitchSittingEvent to FORGE
[074月2026 17:52:49.537] [modloading-worker-0/DEBUG] [net.minecraftforge.fml.javafmlmod.AutomaticEventSubscriber/LOADING]: Auto-subscribing com.github.tartaricacid.touhoulittlemaid.event.maid.SlabClickEvent to FORGE
[074月2026 17:52:49.537] [modloading-worker-0/DEBUG] [net.minecraftforge.fml.javafmlmod.AutomaticEventSubscriber/LOADING]: Auto-subscribing com.github.tartaricacid.touhoulittlemaid.event.maid.SaddleMaidEvent to FORGE
[074月2026 17:52:49.538] [modloading-worker-0/DEBUG] [net.minecraftforge.fml.javafmlmod.AutomaticEventSubscriber/LOADING]: Auto-subscribing com.github.tartaricacid.touhoulittlemaid.event.maid.PotionItemUse to FORGE
[074月2026 17:52:49.539] [modloading-worker-0/DEBUG] [net.minecraftforge.fml.javafmlmod.AutomaticEventSubscriber/LOADING]: Auto-subscribing com.github.tartaricacid.touhoulittlemaid.event.maid.MaidMountEvent to FORGE
[074月2026 17:52:49.539] [modloading-worker-0/DEBUG] [net.minecraftforge.fml.javafmlmod.AutomaticEventSubscriber/LOADING]: Auto-subscribing com.github.tartaricacid.touhoulittlemaid.event.maid.MaidFarmlandTrample to FORGE
[074月2026 17:52:49.540] [modloading-worker-0/DEBUG] [net.minecraftforge.fml.javafmlmod.AutomaticEventSubscriber/LOADING]: Auto-subscribing com.github.tartaricacid.touhoulittlemaid.event.maid.MaidDropBaubleEvent to FORGE
[074月2026 17:52:49.541] [modloading-worker-0/DEBUG] [net.minecraftforge.fml.javafmlmod.AutomaticEventSubscriber/LOADING]: Auto-subscribing com.github.tartaricacid.touhoulittlemaid.event.maid.MaidDeathFavorability to FORGE
[074月2026 17:52:49.541] [modloading-worker-0/DEBUG] [net.minecraftforge.fml.javafmlmod.AutomaticEventSubscriber/LOADING]: Auto-subscribing com.github.tartaricacid.touhoulittlemaid.event.maid.MaidAreaClickEvent to FORGE
[074月2026 17:52:49.542] [modloading-worker-0/DEBUG] [net.minecraftforge.fml.javafmlmod.AutomaticEventSubscriber/LOADING]: Auto-subscribing com.github.tartaricacid.touhoulittlemaid.event.maid.HandleBackpackEvent to FORGE
[074月2026 17:52:49.542] [modloading-worker-0/DEBUG] [net.minecraftforge.fml.javafmlmod.AutomaticEventSubscriber/LOADING]: Auto-subscribing com.github.tartaricacid.touhoulittlemaid.event.maid.GetExpBottleEvent to FORGE
[074月2026 17:52:49.543] [modloading-worker-0/DEBUG] [net.minecraftforge.fml.javafmlmod.AutomaticEventSubscriber/LOADING]: Auto-subscribing com.github.tartaricacid.touhoulittlemaid.event.maid.DismountMaidEvent to FORGE
[074月2026 17:52:49.543] [modloading-worker-0/DEBUG] [net.minecraftforge.fml.javafmlmod.AutomaticEventSubscriber/LOADING]: Auto-subscribing com.github.tartaricacid.touhoulittlemaid.event.maid.ApplyPotionEffectEvent to FORGE
[074月2026 17:52:49.543] [modloading-worker-0/DEBUG] [net.minecraftforge.fml.javafmlmod.AutomaticEventSubscriber/LOADING]: Auto-subscribing com.github.tartaricacid.touhoulittlemaid.event.maid.ApplyGoldenAppleEvent to FORGE
[074月2026 17:52:49.544] [modloading-worker-0/DEBUG] [net.minecraftforge.fml.javafmlmod.AutomaticEventSubscriber/LOADING]: Auto-subscribing com.github.tartaricacid.touhoulittlemaid.event.food.DefaultEatenEvent to FORGE
[074月2026 17:52:49.544] [modloading-worker-0/DEBUG] [net.minecraftforge.fml.javafmlmod.AutomaticEventSubscriber/LOADING]: Auto-subscribing com.github.tartaricacid.touhoulittlemaid.event.food.BowlFoodEvent to FORGE
[074月2026 17:52:49.545] [modloading-worker-0/DEBUG] [net.minecraftforge.fml.javafmlmod.AutomaticEventSubscriber/LOADING]: Auto-subscribing com.github.tartaricacid.touhoulittlemaid.event.MaidTrackEvent to FORGE
[074月2026 17:52:49.546] [modloading-worker-0/DEBUG] [net.minecraftforge.fml.javafmlmod.AutomaticEventSubscriber/LOADING]: Auto-subscribing com.github.tartaricacid.touhoulittlemaid.event.MaidMealRegConfigEvent to MOD
[074月2026 17:52:49.546] [modloading-worker-0/DEBUG] [net.minecraftforge.fml.javafmlmod.AutomaticEventSubscriber/LOADING]: Auto-subscribing com.github.tartaricacid.touhoulittlemaid.event.MaidLivingEntityEvent to FORGE
[074月2026 17:52:49.547] [modloading-worker-0/DEBUG] [net.minecraftforge.fml.javafmlmod.AutomaticEventSubscriber/LOADING]: Auto-subscribing com.github.tartaricacid.touhoulittlemaid.event.InstallChairEvent to FORGE
[074月2026 17:52:49.548] [modloading-worker-0/DEBUG] [net.minecraftforge.fml.javafmlmod.AutomaticEventSubscriber/LOADING]: Auto-subscribing com.github.tartaricacid.touhoulittlemaid.event.EntityJoinWorldEvent to FORGE
[074月2026 17:52:49.549] [modloading-worker-0/DEBUG] [net.minecraftforge.fml.javafmlmod.AutomaticEventSubscriber/LOADING]: Auto-subscribing com.github.tartaricacid.touhoulittlemaid.event.EntityHurtEvent to FORGE
[074月2026 17:52:49.550] [modloading-worker-0/DEBUG] [net.minecraftforge.fml.javafmlmod.AutomaticEventSubscriber/LOADING]: Auto-subscribing com.github.tartaricacid.touhoulittlemaid.event.EntityDeathEvent to FORGE
[074月2026 17:52:49.551] [modloading-worker-0/DEBUG] [net.minecraftforge.fml.javafmlmod.AutomaticEventSubscriber/LOADING]: Auto-subscribing com.github.tartaricacid.touhoulittlemaid.event.EnterServerEvent to FORGE
[074月2026 17:52:49.551] [modloading-worker-0/DEBUG] [net.minecraftforge.fml.javafmlmod.AutomaticEventSubscriber/LOADING]: Auto-subscribing com.github.tartaricacid.touhoulittlemaid.event.CopyEntityIdEvent to FORGE
[074月2026 17:52:49.551] [modloading-worker-0/DEBUG] [net.minecraftforge.fml.javafmlmod.AutomaticEventSubscriber/LOADING]: Auto-subscribing com.github.tartaricacid.touhoulittlemaid.event.CapabilityEvent to FORGE
[074月2026 17:52:49.554] [modloading-worker-0/DEBUG] [net.minecraftforge.fml.javafmlmod.AutomaticEventSubscriber/LOADING]: Auto-subscribing com.github.tartaricacid.touhoulittlemaid.event.CancelSaddleMaidEvent to FORGE
[074月2026 17:52:49.554] [modloading-worker-0/DEBUG] [net.minecraftforge.fml.javafmlmod.AutomaticEventSubscriber/LOADING]: Auto-subscribing com.github.tartaricacid.touhoulittlemaid.entity.chatbubble.RandomEmoji to FORGE
[074月2026 17:52:49.555] [modloading-worker-0/DEBUG] [net.minecraftforge.fml.javafmlmod.AutomaticEventSubscriber/LOADING]: Auto-subscribing com.github.tartaricacid.touhoulittlemaid.debug.target.SendMaidDebugDataEvent to FORGE
[074月2026 17:52:49.556] [modloading-worker-0/DEBUG] [net.minecraftforge.fml.javafmlmod.AutomaticEventSubscriber/LOADING]: Auto-subscribing com.github.tartaricacid.touhoulittlemaid.debug.target.DebugClientRenderEvent to FORGE
[074月2026 17:52:49.565] [modloading-worker-0/DEBUG] [net.minecraftforge.fml.javafmlmod.AutomaticEventSubscriber/LOADING]: Auto-subscribing com.github.tartaricacid.touhoulittlemaid.debug.event.DebugStickClickEvent to FORGE
[074月2026 17:52:49.565] [modloading-worker-0/DEBUG] [net.minecraftforge.fml.javafmlmod.AutomaticEventSubscriber/LOADING]: Auto-subscribing com.github.tartaricacid.touhoulittlemaid.datagen.MaidDataGenerator to MOD
[074月2026 17:52:49.566] [modloading-worker-0/DEBUG] [net.minecraftforge.fml.javafmlmod.AutomaticEventSubscriber/LOADING]: Auto-subscribing com.github.tartaricacid.touhoulittlemaid.compat.domesticationinnovation.EnchantmentRefuse to FORGE
[074月2026 17:52:49.567] [modloading-worker-0/DEBUG] [net.minecraftforge.fml.javafmlmod.AutomaticEventSubscriber/LOADING]: Auto-subscribing com.github.tartaricacid.touhoulittlemaid.client.resource.BedrockModelLoader to MOD
[074月2026 17:52:49.573] [modloading-worker-0/DEBUG] [net.minecraftforge.fml.javafmlmod.AutomaticEventSubscriber/LOADING]: Auto-subscribing com.github.tartaricacid.touhoulittlemaid.client.input.STTChatKey to FORGE
[074月2026 17:52:49.574] [modloading-worker-0/DEBUG] [net.minecraftforge.fml.javafmlmod.AutomaticEventSubscriber/LOADING]: Auto-subscribing com.github.tartaricacid.touhoulittlemaid.client.input.DismountBroomKey to FORGE
[074月2026 17:52:49.575] [modloading-worker-0/DEBUG] [net.minecraftforge.fml.javafmlmod.AutomaticEventSubscriber/LOADING]: Auto-subscribing com.github.tartaricacid.touhoulittlemaid.client.init.InitSpecialItemRender to MOD
[074月2026 17:52:49.578] [modloading-worker-0/DEBUG] [net.minecraftforge.fml.javafmlmod.AutomaticEventSubscriber/LOADING]: Auto-subscribing com.github.tartaricacid.touhoulittlemaid.client.init.InitEntitiesRender to MOD
[074月2026 17:52:49.578] [modloading-worker-0/DEBUG] [net.minecraftforge.fml.javafmlmod.AutomaticEventSubscriber/LOADING]: Auto-subscribing com.github.tartaricacid.touhoulittlemaid.client.init.InitContainerGui to MOD
[074月2026 17:52:49.579] [modloading-worker-0/DEBUG] [net.minecraftforge.fml.javafmlmod.AutomaticEventSubscriber/LOADING]: Auto-subscribing com.github.tartaricacid.touhoulittlemaid.client.init.InitClientTooltip to MOD
[074月2026 17:52:49.580] [modloading-worker-0/DEBUG] [net.minecraftforge.fml.javafmlmod.AutomaticEventSubscriber/LOADING]: Auto-subscribing com.github.tartaricacid.touhoulittlemaid.client.init.ClientSetupEvent to MOD
[074月2026 17:52:49.581] [modloading-worker-0/DEBUG] [net.minecraftforge.fml.javafmlmod.AutomaticEventSubscriber/LOADING]: Auto-subscribing com.github.tartaricacid.touhoulittlemaid.client.event.WirelessIORenderEvent to FORGE
[074月2026 17:52:49.585] [modloading-worker-0/DEBUG] [net.minecraftforge.fml.javafmlmod.AutomaticEventSubscriber/LOADING]: Auto-subscribing com.github.tartaricacid.touhoulittlemaid.client.event.SpecialMaidRenderEvent to FORGE
[074月2026 17:52:49.588] [modloading-worker-0/DEBUG] [net.minecraftforge.fml.javafmlmod.AutomaticEventSubscriber/LOADING]: Auto-subscribing com.github.tartaricacid.touhoulittlemaid.client.event.ShowPowerEvent to FORGE
[074月2026 17:52:49.589] [modloading-worker-0/DEBUG] [net.minecraftforge.fml.javafmlmod.AutomaticEventSubscriber/LOADING]: Auto-subscribing com.github.tartaricacid.touhoulittlemaid.client.event.ShowOptifineScreen to FORGE
[074月2026 17:52:49.591] [modloading-worker-0/DEBUG] [net.minecraftforge.fml.javafmlmod.AutomaticEventSubscriber/LOADING]: Auto-subscribing com.github.tartaricacid.touhoulittlemaid.client.event.ScrollRenderEvent to FORGE
[074月2026 17:52:49.591] [modloading-worker-0/DEBUG] [net.minecraftforge.fml.javafmlmod.AutomaticEventSubscriber/LOADING]: Auto-subscribing com.github.tartaricacid.touhoulittlemaid.client.event.ReloadResourceEvent to MOD
[074月2026 17:52:49.592] [modloading-worker-0/DEBUG] [net.minecraftforge.fml.javafmlmod.AutomaticEventSubscriber/LOADING]: Auto-subscribing com.github.tartaricacid.touhoulittlemaid.client.event.PressAIChatKeyEvent to FORGE
[074月2026 17:52:49.593] [modloading-worker-0/DEBUG] [net.minecraftforge.fml.javafmlmod.AutomaticEventSubscriber/LOADING]: Auto-subscribing com.github.tartaricacid.touhoulittlemaid.client.event.PlayerLoggedInNotice to FORGE
[074月2026 17:52:49.594] [modloading-worker-0/DEBUG] [net.minecraftforge.fml.javafmlmod.AutomaticEventSubscriber/LOADING]: Auto-subscribing com.github.tartaricacid.touhoulittlemaid.client.event.PlayMaidSoundEvent to FORGE
[074月2026 17:52:49.597] [modloading-worker-0/DEBUG] [net.minecraftforge.fml.javafmlmod.AutomaticEventSubscriber/LOADING]: Auto-subscribing com.github.tartaricacid.touhoulittlemaid.client.event.MaidSoundFreqEvent to FORGE
[074月2026 17:52:49.598] [modloading-worker-0/DEBUG] [net.minecraftforge.fml.javafmlmod.AutomaticEventSubscriber/LOADING]: Auto-subscribing com.github.tartaricacid.touhoulittlemaid.client.event.MaidAreaRenderEvent to FORGE
[074月2026 17:52:49.600] [modloading-worker-0/DEBUG] [net.minecraftforge.fml.javafmlmod.AutomaticEventSubscriber/LOADING]: Auto-subscribing com.github.tartaricacid.touhoulittlemaid.client.event.CompassRenderEvent to FORGE
[074月2026 17:52:49.600] [modloading-worker-0/DEBUG] [net.minecraftforge.fml.javafmlmod.AutomaticEventSubscriber/LOADING]: Auto-subscribing com.github.tartaricacid.touhoulittlemaid.client.event.ClientPackDownloadEvent to MOD
[074月2026 17:52:49.601] [modloading-worker-0/DEBUG] [net.minecraftforge.fml.javafmlmod.AutomaticEventSubscriber/LOADING]: Auto-subscribing com.github.tartaricacid.touhoulittlemaid.client.event.CarryMaidHideArmEvent to FORGE
[074月2026 17:52:49.602] [modloading-worker-0/DEBUG] [net.minecraftforge.fml.javafmlmod.AutomaticEventSubscriber/LOADING]: Auto-subscribing com.github.tartaricacid.touhoulittlemaid.client.event.AddInformationEvent to FORGE
[074月2026 17:52:49.603] [modloading-worker-0/DEBUG] [net.minecraftforge.fml.javafmlmod.AutomaticEventSubscriber/LOADING]: Auto-subscribing com.github.tartaricacid.touhoulittlemaid.client.download.InfoGetManager to MOD
[074月2026 17:52:49.605] [modloading-worker-0/DEBUG] [net.minecraftforge.fml.javafmlmod.AutomaticEventSubscriber/LOADING]: Auto-subscribing com.github.tartaricacid.simplebedrockmodel.client.manager.BedrockEntityModelRegister to MOD
[074月2026 17:52:49.606] [modloading-worker-0/DEBUG] [net.minecraftforge.fml.javafmlmod.AutomaticEventSubscriber/LOADING]: Auto-subscribing com.github.tartaricacid.simplebedrockmodel.client.ClientSetupEvent to MOD
[074月2026 17:52:49.639] [main/DEBUG] [net.minecraftforge.registries.ObjectHolderRegistry/REGISTRIES]: Processing ObjectHolder annotations
[074月2026 17:52:49.652] [main/DEBUG] [net.minecraftforge.registries.ObjectHolderRegistry/REGISTRIES]: Found 4216 ObjectHolder annotations
[074月2026 17:52:49.654] [main/DEBUG] [net.minecraftforge.common.capabilities.CapabilityManager/CAPABILITIES]: Attempting to automatically register: Lnet/minecraftforge/energy/IEnergyStorage;
[074月2026 17:52:49.654] [main/DEBUG] [net.minecraftforge.common.capabilities.CapabilityManager/CAPABILITIES]: Attempting to automatically register: Lnet/minecraftforge/fluids/capability/IFluidHandler;
[074月2026 17:52:49.654] [main/DEBUG] [net.minecraftforge.common.capabilities.CapabilityManager/CAPABILITIES]: Attempting to automatically register: Lnet/minecraftforge/fluids/capability/IFluidHandlerItem;
[074月2026 17:52:49.654] [main/DEBUG] [net.minecraftforge.common.capabilities.CapabilityManager/CAPABILITIES]: Attempting to automatically register: Lnet/minecraftforge/items/IItemHandler;
[074月2026 17:52:49.661] [main/DEBUG] [net.minecraftforge.registries.GameData/REGISTRIES]: Unfreezing vanilla registries
[074月2026 17:52:49.665] [main/DEBUG] [net.minecraftforge.registries.GameData/REGISTRIES]: Applying holder lookups: minecraft:sound_event
[074月2026 17:52:49.667] [main/DEBUG] [net.minecraftforge.registries.GameData/REGISTRIES]: Holder lookups applied: minecraft:sound_event
[074月2026 17:52:49.667] [main/DEBUG] [net.minecraftforge.registries.GameData/REGISTRIES]: Applying holder lookups: minecraft:fluid
[074月2026 17:52:49.668] [main/DEBUG] [net.minecraftforge.registries.GameData/REGISTRIES]: Holder lookups applied: minecraft:fluid
[074月2026 17:52:49.765] [main/DEBUG] [net.minecraftforge.registries.GameData/REGISTRIES]: Applying holder lookups: minecraft:block
[074月2026 17:52:49.765] [main/DEBUG] [net.minecraftforge.registries.GameData/REGISTRIES]: Holder lookups applied: minecraft:block
[074月2026 17:52:49.766] [main/DEBUG] [net.minecraftforge.registries.GameData/REGISTRIES]: Applying holder lookups: minecraft:attribute
[074月2026 17:52:49.766] [main/DEBUG] [net.minecraftforge.registries.GameData/REGISTRIES]: Holder lookups applied: minecraft:attribute
[074月2026 17:52:49.766] [main/DEBUG] [net.minecraftforge.registries.GameData/REGISTRIES]: Applying holder lookups: minecraft:mob_effect
[074月2026 17:52:49.766] [main/DEBUG] [net.minecraftforge.registries.GameData/REGISTRIES]: Holder lookups applied: minecraft:mob_effect
[074月2026 17:52:49.767] [main/DEBUG] [net.minecraftforge.registries.GameData/REGISTRIES]: Applying holder lookups: minecraft:particle_type
[074月2026 17:52:49.767] [main/DEBUG] [net.minecraftforge.registries.GameData/REGISTRIES]: Holder lookups applied: minecraft:particle_type
[074月2026 17:52:49.781] [main/DEBUG] [net.minecraftforge.registries.GameData/REGISTRIES]: Applying holder lookups: minecraft:item
[074月2026 17:52:49.783] [main/DEBUG] [net.minecraftforge.registries.GameData/REGISTRIES]: Holder lookups applied: minecraft:item
[074月2026 17:52:49.834] [main/DEBUG] [net.minecraftforge.registries.GameData/REGISTRIES]: Applying holder lookups: minecraft:entity_type
[074月2026 17:52:49.835] [main/DEBUG] [net.minecraftforge.registries.GameData/REGISTRIES]: Holder lookups applied: minecraft:entity_type
[074月2026 17:52:49.836] [main/DEBUG] [net.minecraftforge.registries.GameData/REGISTRIES]: Applying holder lookups: minecraft:sensor_type
[074月2026 17:52:49.836] [main/DEBUG] [net.minecraftforge.registries.GameData/REGISTRIES]: Holder lookups applied: minecraft:sensor_type
[074月2026 17:52:49.837] [main/DEBUG] [net.minecraftforge.registries.GameData/REGISTRIES]: Applying holder lookups: minecraft:memory_module_type
[074月2026 17:52:49.837] [main/DEBUG] [net.minecraftforge.registries.GameData/REGISTRIES]: Holder lookups applied: minecraft:memory_module_type
[074月2026 17:52:49.837] [main/DEBUG] [net.minecraftforge.registries.GameData/REGISTRIES]: Applying holder lookups: minecraft:potion
[074月2026 17:52:49.837] [main/DEBUG] [net.minecraftforge.registries.GameData/REGISTRIES]: Holder lookups applied: minecraft:potion
[074月2026 17:52:49.837] [main/DEBUG] [net.minecraftforge.registries.GameData/REGISTRIES]: Applying holder lookups: minecraft:game_event
[074月2026 17:52:49.837] [main/DEBUG] [net.minecraftforge.registries.GameData/REGISTRIES]: Holder lookups applied: minecraft:game_event
[074月2026 17:52:49.838] [main/DEBUG] [net.minecraftforge.registries.GameData/REGISTRIES]: Applying holder lookups: minecraft:enchantment
[074月2026 17:52:49.838] [main/DEBUG] [net.minecraftforge.registries.GameData/REGISTRIES]: Holder lookups applied: minecraft:enchantment
[074月2026 17:52:49.844] [main/DEBUG] [net.minecraftforge.registries.GameData/REGISTRIES]: Applying holder lookups: minecraft:block_entity_type
[074月2026 17:52:49.844] [main/DEBUG] [net.minecraftforge.registries.GameData/REGISTRIES]: Holder lookups applied: minecraft:block_entity_type
[074月2026 17:52:49.844] [main/DEBUG] [net.minecraftforge.registries.GameData/REGISTRIES]: Applying holder lookups: minecraft:painting_variant
[074月2026 17:52:49.845] [main/DEBUG] [net.minecraftforge.registries.GameData/REGISTRIES]: Holder lookups applied: minecraft:painting_variant
[074月2026 17:52:49.845] [main/DEBUG] [net.minecraftforge.registries.GameData/REGISTRIES]: Applying holder lookups: minecraft:stat_type
[074月2026 17:52:49.845] [main/DEBUG] [net.minecraftforge.registries.GameData/REGISTRIES]: Holder lookups applied: minecraft:stat_type
[074月2026 17:52:49.845] [main/DEBUG] [net.minecraftforge.registries.GameData/REGISTRIES]: Applying holder lookups: minecraft:custom_stat
[074月2026 17:52:49.845] [main/DEBUG] [net.minecraftforge.registries.GameData/REGISTRIES]: Holder lookups applied: minecraft:custom_stat
[074月2026 17:52:49.845] [main/DEBUG] [net.minecraftforge.registries.GameData/REGISTRIES]: Applying holder lookups: minecraft:chunk_status
[074月2026 17:52:49.845] [main/DEBUG] [net.minecraftforge.registries.GameData/REGISTRIES]: Holder lookups applied: minecraft:chunk_status
[074月2026 17:52:49.845] [main/DEBUG] [net.minecraftforge.registries.GameData/REGISTRIES]: Applying holder lookups: minecraft:rule_test
[074月2026 17:52:49.846] [main/DEBUG] [net.minecraftforge.registries.GameData/REGISTRIES]: Holder lookups applied: minecraft:rule_test
[074月2026 17:52:49.846] [main/DEBUG] [net.minecraftforge.registries.GameData/REGISTRIES]: Applying holder lookups: minecraft:rule_block_entity_modifier
[074月2026 17:52:49.846] [main/DEBUG] [net.minecraftforge.registries.GameData/REGISTRIES]: Holder lookups applied: minecraft:rule_block_entity_modifier
[074月2026 17:52:49.846] [main/DEBUG] [net.minecraftforge.registries.GameData/REGISTRIES]: Applying holder lookups: minecraft:pos_rule_test
[074月2026 17:52:49.846] [main/DEBUG] [net.minecraftforge.registries.GameData/REGISTRIES]: Holder lookups applied: minecraft:pos_rule_test
[074月2026 17:52:49.864] [main/DEBUG] [net.minecraftforge.registries.GameData/REGISTRIES]: Applying holder lookups: minecraft:menu
[074月2026 17:52:49.865] [main/DEBUG] [net.minecraftforge.registries.GameData/REGISTRIES]: Holder lookups applied: minecraft:menu
[074月2026 17:52:49.865] [main/DEBUG] [net.minecraftforge.registries.GameData/REGISTRIES]: Applying holder lookups: minecraft:recipe_type
[074月2026 17:52:49.865] [main/DEBUG] [net.minecraftforge.registries.GameData/REGISTRIES]: Holder lookups applied: minecraft:recipe_type
[074月2026 17:52:49.879] [main/DEBUG] [net.minecraftforge.registries.GameData/REGISTRIES]: Applying holder lookups: minecraft:recipe_serializer
[074月2026 17:52:49.880] [main/DEBUG] [net.minecraftforge.registries.GameData/REGISTRIES]: Holder lookups applied: minecraft:recipe_serializer
[074月2026 17:52:49.880] [main/DEBUG] [net.minecraftforge.registries.GameData/REGISTRIES]: Applying holder lookups: minecraft:position_source_type
[074月2026 17:52:49.880] [main/DEBUG] [net.minecraftforge.registries.GameData/REGISTRIES]: Holder lookups applied: minecraft:position_source_type
[074月2026 17:52:49.882] [main/DEBUG] [net.minecraftforge.registries.GameData/REGISTRIES]: Applying holder lookups: minecraft:command_argument_type
[074月2026 17:52:49.882] [main/DEBUG] [net.minecraftforge.registries.GameData/REGISTRIES]: Holder lookups applied: minecraft:command_argument_type
[074月2026 17:52:49.882] [main/DEBUG] [net.minecraftforge.registries.GameData/REGISTRIES]: Applying holder lookups: minecraft:villager_type
[074月2026 17:52:49.883] [main/DEBUG] [net.minecraftforge.registries.GameData/REGISTRIES]: Holder lookups applied: minecraft:villager_type
[074月2026 17:52:49.883] [main/DEBUG] [net.minecraftforge.registries.GameData/REGISTRIES]: Applying holder lookups: minecraft:villager_profession
[074月2026 17:52:49.883] [main/DEBUG] [net.minecraftforge.registries.GameData/REGISTRIES]: Holder lookups applied: minecraft:villager_profession
[074月2026 17:52:49.885] [main/DEBUG] [net.minecraftforge.registries.GameData/REGISTRIES]: Applying holder lookups: minecraft:point_of_interest_type
[074月2026 17:52:49.885] [main/DEBUG] [net.minecraftforge.registries.GameData/REGISTRIES]: Holder lookups applied: minecraft:point_of_interest_type
[074月2026 17:52:49.885] [main/DEBUG] [net.minecraftforge.registries.GameData/REGISTRIES]: Applying holder lookups: minecraft:schedule
[074月2026 17:52:49.885] [main/DEBUG] [net.minecraftforge.registries.GameData/REGISTRIES]: Holder lookups applied: minecraft:schedule
[074月2026 17:52:49.886] [main/DEBUG] [net.minecraftforge.registries.GameData/REGISTRIES]: Applying holder lookups: minecraft:activity
[074月2026 17:52:49.886] [main/DEBUG] [net.minecraftforge.registries.GameData/REGISTRIES]: Holder lookups applied: minecraft:activity
[074月2026 17:52:49.886] [main/DEBUG] [net.minecraftforge.registries.GameData/REGISTRIES]: Applying holder lookups: minecraft:loot_pool_entry_type
[074月2026 17:52:49.886] [main/DEBUG] [net.minecraftforge.registries.GameData/REGISTRIES]: Holder lookups applied: minecraft:loot_pool_entry_type
[074月2026 17:52:49.886] [main/DEBUG] [net.minecraftforge.registries.GameData/REGISTRIES]: Applying holder lookups: minecraft:loot_function_type
[074月2026 17:52:49.886] [main/DEBUG] [net.minecraftforge.registries.GameData/REGISTRIES]: Holder lookups applied: minecraft:loot_function_type
[074月2026 17:52:49.888] [main/DEBUG] [net.minecraftforge.registries.GameData/REGISTRIES]: Applying holder lookups: minecraft:loot_condition_type
[074月2026 17:52:49.888] [main/DEBUG] [net.minecraftforge.registries.GameData/REGISTRIES]: Holder lookups applied: minecraft:loot_condition_type
[074月2026 17:52:49.888] [main/DEBUG] [net.minecraftforge.registries.GameData/REGISTRIES]: Applying holder lookups: minecraft:loot_number_provider_type
[074月2026 17:52:49.888] [main/DEBUG] [net.minecraftforge.registries.GameData/REGISTRIES]: Holder lookups applied: minecraft:loot_number_provider_type
[074月2026 17:52:49.888] [main/DEBUG] [net.minecraftforge.registries.GameData/REGISTRIES]: Applying holder lookups: minecraft:loot_nbt_provider_type
[074月2026 17:52:49.888] [main/DEBUG] [net.minecraftforge.registries.GameData/REGISTRIES]: Holder lookups applied: minecraft:loot_nbt_provider_type
[074月2026 17:52:49.888] [main/DEBUG] [net.minecraftforge.registries.GameData/REGISTRIES]: Applying holder lookups: minecraft:loot_score_provider_type
[074月2026 17:52:49.888] [main/DEBUG] [net.minecraftforge.registries.GameData/REGISTRIES]: Holder lookups applied: minecraft:loot_score_provider_type
[074月2026 17:52:49.888] [main/DEBUG] [net.minecraftforge.registries.GameData/REGISTRIES]: Applying holder lookups: minecraft:float_provider_type
[074月2026 17:52:49.889] [main/DEBUG] [net.minecraftforge.registries.GameData/REGISTRIES]: Holder lookups applied: minecraft:float_provider_type
[074月2026 17:52:49.889] [main/DEBUG] [net.minecraftforge.registries.GameData/REGISTRIES]: Applying holder lookups: minecraft:int_provider_type
[074月2026 17:52:49.889] [main/DEBUG] [net.minecraftforge.registries.GameData/REGISTRIES]: Holder lookups applied: minecraft:int_provider_type
[074月2026 17:52:49.889] [main/DEBUG] [net.minecraftforge.registries.GameData/REGISTRIES]: Applying holder lookups: minecraft:height_provider_type
[074月2026 17:52:49.889] [main/DEBUG] [net.minecraftforge.registries.GameData/REGISTRIES]: Holder lookups applied: minecraft:height_provider_type
[074月2026 17:52:49.889] [main/DEBUG] [net.minecraftforge.registries.GameData/REGISTRIES]: Applying holder lookups: minecraft:block_predicate_type
[074月2026 17:52:49.889] [main/DEBUG] [net.minecraftforge.registries.GameData/REGISTRIES]: Holder lookups applied: minecraft:block_predicate_type
[074月2026 17:52:49.889] [main/DEBUG] [net.minecraftforge.registries.GameData/REGISTRIES]: Applying holder lookups: minecraft:worldgen/carver
[074月2026 17:52:49.890] [main/DEBUG] [net.minecraftforge.registries.GameData/REGISTRIES]: Holder lookups applied: minecraft:worldgen/carver
[074月2026 17:52:49.890] [main/DEBUG] [net.minecraftforge.registries.GameData/REGISTRIES]: Applying holder lookups: minecraft:worldgen/feature
[074月2026 17:52:49.890] [main/DEBUG] [net.minecraftforge.registries.GameData/REGISTRIES]: Holder lookups applied: minecraft:worldgen/feature
[074月2026 17:52:49.890] [main/DEBUG] [net.minecraftforge.registries.GameData/REGISTRIES]: Applying holder lookups: minecraft:worldgen/structure_processor
[074月2026 17:52:49.890] [main/DEBUG] [net.minecraftforge.registries.GameData/REGISTRIES]: Holder lookups applied: minecraft:worldgen/structure_processor
[074月2026 17:52:49.890] [main/DEBUG] [net.minecraftforge.registries.GameData/REGISTRIES]: Applying holder lookups: minecraft:worldgen/structure_placement
[074月2026 17:52:49.890] [main/DEBUG] [net.minecraftforge.registries.GameData/REGISTRIES]: Holder lookups applied: minecraft:worldgen/structure_placement
[074月2026 17:52:49.890] [main/DEBUG] [net.minecraftforge.registries.GameData/REGISTRIES]: Applying holder lookups: minecraft:worldgen/structure_piece
[074月2026 17:52:49.891] [main/DEBUG] [net.minecraftforge.registries.GameData/REGISTRIES]: Holder lookups applied: minecraft:worldgen/structure_piece
[074月2026 17:52:49.891] [main/DEBUG] [net.minecraftforge.registries.GameData/REGISTRIES]: Applying holder lookups: minecraft:worldgen/structure_type
[074月2026 17:52:49.891] [main/DEBUG] [net.minecraftforge.registries.GameData/REGISTRIES]: Holder lookups applied: minecraft:worldgen/structure_type
[074月2026 17:52:49.891] [main/DEBUG] [net.minecraftforge.registries.GameData/REGISTRIES]: Applying holder lookups: minecraft:worldgen/placement_modifier_type
[074月2026 17:52:49.891] [main/DEBUG] [net.minecraftforge.registries.GameData/REGISTRIES]: Holder lookups applied: minecraft:worldgen/placement_modifier_type
[074月2026 17:52:49.891] [main/DEBUG] [net.minecraftforge.registries.GameData/REGISTRIES]: Applying holder lookups: minecraft:worldgen/block_state_provider_type
[074月2026 17:52:49.891] [main/DEBUG] [net.minecraftforge.registries.GameData/REGISTRIES]: Holder lookups applied: minecraft:worldgen/block_state_provider_type
[074月2026 17:52:49.891] [main/DEBUG] [net.minecraftforge.registries.GameData/REGISTRIES]: Applying holder lookups: minecraft:worldgen/foliage_placer_type
[074月2026 17:52:49.891] [main/DEBUG] [net.minecraftforge.registries.GameData/REGISTRIES]: Holder lookups applied: minecraft:worldgen/foliage_placer_type
[074月2026 17:52:49.892] [main/DEBUG] [net.minecraftforge.registries.GameData/REGISTRIES]: Applying holder lookups: minecraft:worldgen/trunk_placer_type
[074月2026 17:52:49.892] [main/DEBUG] [net.minecraftforge.registries.GameData/REGISTRIES]: Holder lookups applied: minecraft:worldgen/trunk_placer_type
[074月2026 17:52:49.892] [main/DEBUG] [net.minecraftforge.registries.GameData/REGISTRIES]: Applying holder lookups: minecraft:worldgen/root_placer_type
[074月2026 17:52:49.892] [main/DEBUG] [net.minecraftforge.registries.GameData/REGISTRIES]: Holder lookups applied: minecraft:worldgen/root_placer_type
[074月2026 17:52:49.892] [main/DEBUG] [net.minecraftforge.registries.GameData/REGISTRIES]: Applying holder lookups: minecraft:worldgen/tree_decorator_type
[074月2026 17:52:49.892] [main/DEBUG] [net.minecraftforge.registries.GameData/REGISTRIES]: Holder lookups applied: minecraft:worldgen/tree_decorator_type
[074月2026 17:52:49.892] [main/DEBUG] [net.minecraftforge.registries.GameData/REGISTRIES]: Applying holder lookups: minecraft:worldgen/feature_size_type
[074月2026 17:52:49.892] [main/DEBUG] [net.minecraftforge.registries.GameData/REGISTRIES]: Holder lookups applied: minecraft:worldgen/feature_size_type
[074月2026 17:52:49.892] [main/DEBUG] [net.minecraftforge.registries.GameData/REGISTRIES]: Applying holder lookups: minecraft:worldgen/biome_source
[074月2026 17:52:49.892] [main/DEBUG] [net.minecraftforge.registries.GameData/REGISTRIES]: Holder lookups applied: minecraft:worldgen/biome_source
[074月2026 17:52:49.892] [main/DEBUG] [net.minecraftforge.registries.GameData/REGISTRIES]: Applying holder lookups: minecraft:worldgen/chunk_generator
[074月2026 17:52:49.893] [main/DEBUG] [net.minecraftforge.registries.GameData/REGISTRIES]: Holder lookups applied: minecraft:worldgen/chunk_generator
[074月2026 17:52:49.893] [main/DEBUG] [net.minecraftforge.registries.GameData/REGISTRIES]: Applying holder lookups: minecraft:worldgen/material_condition
[074月2026 17:52:49.893] [main/DEBUG] [net.minecraftforge.registries.GameData/REGISTRIES]: Holder lookups applied: minecraft:worldgen/material_condition
[074月2026 17:52:49.893] [main/DEBUG] [net.minecraftforge.registries.GameData/REGISTRIES]: Applying holder lookups: minecraft:worldgen/material_rule
[074月2026 17:52:49.893] [main/DEBUG] [net.minecraftforge.registries.GameData/REGISTRIES]: Holder lookups applied: minecraft:worldgen/material_rule
[074月2026 17:52:49.893] [main/DEBUG] [net.minecraftforge.registries.GameData/REGISTRIES]: Applying holder lookups: minecraft:worldgen/density_function_type
[074月2026 17:52:49.893] [main/DEBUG] [net.minecraftforge.registries.GameData/REGISTRIES]: Holder lookups applied: minecraft:worldgen/density_function_type
[074月2026 17:52:49.893] [main/DEBUG] [net.minecraftforge.registries.GameData/REGISTRIES]: Applying holder lookups: minecraft:worldgen/structure_pool_element
[074月2026 17:52:49.893] [main/DEBUG] [net.minecraftforge.registries.GameData/REGISTRIES]: Holder lookups applied: minecraft:worldgen/structure_pool_element
[074月2026 17:52:49.893] [main/DEBUG] [net.minecraftforge.registries.GameData/REGISTRIES]: Applying holder lookups: minecraft:cat_variant
[074月2026 17:52:49.893] [main/DEBUG] [net.minecraftforge.registries.GameData/REGISTRIES]: Holder lookups applied: minecraft:cat_variant
[074月2026 17:52:49.893] [main/DEBUG] [net.minecraftforge.registries.GameData/REGISTRIES]: Applying holder lookups: minecraft:frog_variant
[074月2026 17:52:49.894] [main/DEBUG] [net.minecraftforge.registries.GameData/REGISTRIES]: Holder lookups applied: minecraft:frog_variant
[074月2026 17:52:49.894] [main/DEBUG] [net.minecraftforge.registries.GameData/REGISTRIES]: Applying holder lookups: minecraft:banner_pattern
[074月2026 17:52:49.894] [main/DEBUG] [net.minecraftforge.registries.GameData/REGISTRIES]: Holder lookups applied: minecraft:banner_pattern
[074月2026 17:52:49.894] [main/DEBUG] [net.minecraftforge.registries.GameData/REGISTRIES]: Applying holder lookups: minecraft:instrument
[074月2026 17:52:49.894] [main/DEBUG] [net.minecraftforge.registries.GameData/REGISTRIES]: Holder lookups applied: minecraft:instrument
[074月2026 17:52:49.894] [main/DEBUG] [net.minecraftforge.registries.GameData/REGISTRIES]: Applying holder lookups: minecraft:decorated_pot_patterns
[074月2026 17:52:49.894] [main/DEBUG] [net.minecraftforge.registries.GameData/REGISTRIES]: Holder lookups applied: minecraft:decorated_pot_patterns
[074月2026 17:52:49.896] [main/DEBUG] [net.minecraftforge.registries.GameData/REGISTRIES]: Applying holder lookups: minecraft:creative_mode_tab
[074月2026 17:52:49.896] [main/DEBUG] [net.minecraftforge.registries.GameData/REGISTRIES]: Holder lookups applied: minecraft:creative_mode_tab
[074月2026 17:52:49.904] [main/DEBUG] [net.minecraftforge.registries.GameData/REGISTRIES]: Applying holder lookups: forge:biome_modifier_serializers
[074月2026 17:52:49.904] [main/DEBUG] [net.minecraftforge.registries.GameData/REGISTRIES]: Holder lookups applied: forge:biome_modifier_serializers
[074月2026 17:52:49.905] [main/DEBUG] [net.minecraftforge.registries.GameData/REGISTRIES]: Applying holder lookups: forge:display_contexts
[074月2026 17:52:49.906] [main/DEBUG] [net.minecraftforge.registries.GameData/REGISTRIES]: Holder lookups applied: forge:display_contexts
[074月2026 17:52:49.906] [main/DEBUG] [net.minecraftforge.registries.GameData/REGISTRIES]: Applying holder lookups: forge:entity_data_serializers
[074月2026 17:52:49.906] [main/DEBUG] [net.minecraftforge.registries.GameData/REGISTRIES]: Holder lookups applied: forge:entity_data_serializers
[074月2026 17:52:49.910] [main/DEBUG] [net.minecraftforge.registries.GameData/REGISTRIES]: Applying holder lookups: forge:fluid_type
[074月2026 17:52:49.911] [main/DEBUG] [net.minecraftforge.registries.GameData/REGISTRIES]: Holder lookups applied: forge:fluid_type
[074月2026 17:52:49.912] [main/DEBUG] [net.minecraftforge.registries.GameData/REGISTRIES]: Applying holder lookups: forge:global_loot_modifier_serializers
[074月2026 17:52:49.912] [main/DEBUG] [net.minecraftforge.registries.GameData/REGISTRIES]: Holder lookups applied: forge:global_loot_modifier_serializers
[074月2026 17:52:49.916] [main/DEBUG] [net.minecraftforge.registries.GameData/REGISTRIES]: Applying holder lookups: forge:holder_set_type
[074月2026 17:52:49.916] [main/DEBUG] [net.minecraftforge.registries.GameData/REGISTRIES]: Holder lookups applied: forge:holder_set_type
[074月2026 17:52:49.916] [main/DEBUG] [net.minecraftforge.registries.GameData/REGISTRIES]: Applying holder lookups: forge:structure_modifier_serializers
[074月2026 17:52:49.917] [main/DEBUG] [net.minecraftforge.registries.GameData/REGISTRIES]: Holder lookups applied: forge:structure_modifier_serializers
[074月2026 17:52:49.917] [main/DEBUG] [net.minecraftforge.registries.GameData/REGISTRIES]: Applying holder lookups: minecraft:worldgen/biome
[074月2026 17:52:49.917] [main/DEBUG] [net.minecraftforge.registries.GameData/REGISTRIES]: Holder lookups applied: minecraft:worldgen/biome
[074月2026 17:52:49.918] [main/DEBUG] [net.minecraftforge.registries.GameData/REGISTRIES]: Applying holder lookups: slashblade:combo_state
[074月2026 17:52:49.918] [main/DEBUG] [net.minecraftforge.registries.GameData/REGISTRIES]: Holder lookups applied: slashblade:combo_state
[074月2026 17:52:49.919] [main/DEBUG] [net.minecraftforge.registries.GameData/REGISTRIES]: Applying holder lookups: slashblade:slash_arts
[074月2026 17:52:49.920] [main/DEBUG] [net.minecraftforge.registries.GameData/REGISTRIES]: Holder lookups applied: slashblade:slash_arts
[074月2026 17:52:49.920] [main/DEBUG] [net.minecraftforge.registries.GameData/REGISTRIES]: Applying holder lookups: slashblade:special_effect
[074月2026 17:52:49.920] [main/DEBUG] [net.minecraftforge.registries.GameData/REGISTRIES]: Holder lookups applied: slashblade:special_effect
[074月2026 17:52:50.017] [main/WARN] [net.minecraft.server.packs.VanillaPackResourcesBuilder/]: Assets URL 'union:/D:/gradle-9.2.1/caches/forge_gradle/minecraft_user_repo/net/minecraftforge/forge/1.20.1-47.3.0_mapped_parchment_2023.09.03-1.20.1/forge-1.20.1-47.3.0_mapped_parchment_2023.09.03-1.20.1.jar%23191!/assets/.mcassetsroot' uses unexpected schema
[074月2026 17:52:50.018] [main/WARN] [net.minecraft.server.packs.VanillaPackResourcesBuilder/]: Assets URL 'union:/D:/gradle-9.2.1/caches/forge_gradle/minecraft_user_repo/net/minecraftforge/forge/1.20.1-47.3.0_mapped_parchment_2023.09.03-1.20.1/forge-1.20.1-47.3.0_mapped_parchment_2023.09.03-1.20.1.jar%23191!/data/.mcassetsroot' uses unexpected schema
[074月2026 17:52:50.212] [main/INFO] [net.minecraft.data.DataGenerator/]: Starting provider: Registries
[074月2026 17:52:50.263] [main/INFO] [net.minecraft.data.DataGenerator/]: Registries finished after 51 ms
[074月2026 17:52:50.263] [main/INFO] [net.minecraft.data.DataGenerator/]: All providers took: 51 ms
[074月2026 17:52:50.267] [main/INFO] [net.minecraft.data.HashCache/]: Caching: total files: 16, old count: 16, new count: 17, removed stale: 0, written: 0
